-- phpMyAdmin SQL Dump
-- version 4.8.3
-- https://www.phpmyadmin.net/
--
-- Servidor: 127.0.0.1
-- Tiempo de generación: 16-06-2020 a las 15:50:29
-- Versión del servidor: 10.1.35-MariaDB
-- Versión de PHP: 7.2.9

SET SQL_MODE = "NO_AUTO_VALUE_ON_ZERO";
SET AUTOCOMMIT = 0;
START TRANSACTION;
SET time_zone = "+00:00";

DROP DATABASE IF EXISTS yummyeat;
CREATE DATABASE yummyeat;
USE yummyeat;


/*!40101 SET @OLD_CHARACTER_SET_CLIENT=@@CHARACTER_SET_CLIENT */;
/*!40101 SET @OLD_CHARACTER_SET_RESULTS=@@CHARACTER_SET_RESULTS */;
/*!40101 SET @OLD_COLLATION_CONNECTION=@@COLLATION_CONNECTION */;
/*!40101 SET NAMES utf8mb4 */;

--
-- Base de datos: `yummyeat`
--

-- --------------------------------------------------------

--
-- Estructura de tabla para la tabla `cliente`
--

CREATE TABLE `cliente` (
  `ID_CLIENTE` int(11) NOT NULL,
  `CODIGO_COOKIE` char(32) DEFAULT NULL,
  `NOMBRE_CLIENTE` varchar(30) NOT NULL,
  `APELLIDOS_CLIENTE` varchar(40) NOT NULL,
  `TELEFONO_CLIENTE` char(11) NOT NULL,
  `DIRECCION_CLIENTE` varchar(120) DEFAULT NULL,
  `EMAIL_CLIENTE` varchar(40) NOT NULL,
  `CONTRASENNA_CLIENTE` varchar(40) NOT NULL,
  `LOCALIDAD` varchar(50) NOT NULL
) ENGINE=InnoDB DEFAULT CHARSET=latin1;

--
-- Volcado de datos para la tabla `cliente`
--

INSERT INTO `cliente` (`ID_CLIENTE`, `CODIGO_COOKIE`, `NOMBRE_CLIENTE`, `APELLIDOS_CLIENTE`, `TELEFONO_CLIENTE`, `DIRECCION_CLIENTE`, `EMAIL_CLIENTE`, `CONTRASENNA_CLIENTE`, `LOCALIDAD`) VALUES
(1, NULL, 'Jose Luis ', 'Sánchez Gómez', '629034519', 'C/ Sevilla 4, 3 A, 28901, Getafe, Madrid', 'Joseluis12@gmail.com', '1234', 'Pinto'),
(2, NULL, 'Julia', 'Gutiérrez Serrano', '612893018', 'C/ Martin Velasco 17, 5 D, 28320, Pinto, Madrid', 'JuliaGS@gmail.com', '1234', 'Madrid'),
(10, NULL, 'Fernando', 'Gonzalez Perez', '678678678', 'Calle inventada 2', 'fernandoG@gmail.com', '1234', 'Getafe'),
(11, NULL, 'Ruben', 'García Mier', '616860338', 'Calle Cartuja 2, Escalera derecha, 2º A', 'ruben10pintob@gmail.com', '1234', 'Madrid');

-- --------------------------------------------------------

--
-- Estructura de tabla para la tabla `linea`
--

CREATE TABLE `linea` (
  `ID_PEDIDO` int(11) NOT NULL,
  `ID_PRODUCTO` int(11) NOT NULL,
  `UNIDADES` int(11) NOT NULL,
  `PRECIO_UNITARIO` decimal(10,2) NOT NULL
) ENGINE=InnoDB DEFAULT CHARSET=utf8mb4;

--
-- Volcado de datos para la tabla `linea`
--

INSERT INTO `linea` (`ID_PEDIDO`, `ID_PRODUCTO`, `UNIDADES`, `PRECIO_UNITARIO`) VALUES
(27, 20, 1, '7.90'),
(27, 37, 2, '1.50'),
(27, 38, 1, '1.50'),
(27, 39, 1, '2.30'),
(27, 40, 1, '1.50'),
(28, 19, 1, '7.90'),
(28, 20, 1, '7.90'),
(29, 37, 6, '1.50'),
(29, 38, 1, '1.50'),
(29, 39, 1, '2.30'),
(45, 21, 1, '9.90'),
(45, 28, 1, '0.00'),
(45, 30, 2, '4.95'),
(45, 36, 1, '3.95'),
(45, 37, 7, '1.50'),
(45, 42, 1, '0.00'),
(69, 37, 1, '1.50'),
(70, 37, 1, '1.50'),
(71, 37, 1, '1.50'),
(72, 37, 1, '1.50'),
(73, 37, 1, '1.50'),
(74, 37, 1, '1.50'),
(75, 37, 3, '1.50'),
(77, 37, 1, '1.50'),
(78, 37, 1, '1.50'),
(79, 37, 1, '1.50'),
(80, 22, 1, '9.90'),
(80, 37, 2, '1.50'),
(82, 19, 7, '7.90'),
(84, 20, 5, '7.90'),
(84, 37, 5, '1.50');

-- --------------------------------------------------------

--
-- Estructura de tabla para la tabla `pedido`
--

CREATE TABLE `pedido` (
  `NUMERO_PEDIDO` int(11) NOT NULL,
  `ID_RESTAURANTE` char(4) NOT NULL,
  `ID_CLIENTE` int(11) NOT NULL,
  `DIRECCION_ENTREGA` varchar(60) DEFAULT NULL COMMENT 'NULL -> PEDIDO NO CONFIRMADO',
  `PRECIO_PEDIDO` decimal(10,2) NOT NULL,
  `FECHA_PEDIDO_REALIZADO` datetime DEFAULT NULL COMMENT 'NULL -> PEDIDO NO CONFIRMADO',
  `FECHA_PEDIDO_ENTREGADO` datetime DEFAULT NULL
) ENGINE=InnoDB DEFAULT CHARSET=latin1;

--
-- Volcado de datos para la tabla `pedido`
--

INSERT INTO `pedido` (`NUMERO_PEDIDO`, `ID_RESTAURANTE`, `ID_CLIENTE`, `DIRECCION_ENTREGA`, `PRECIO_PEDIDO`, `FECHA_PEDIDO_REALIZADO`, `FECHA_PEDIDO_ENTREGADO`) VALUES
(27, 'DPAL', 1, NULL, '0.00', NULL, NULL),
(28, 'DPAL', 10, NULL, '0.00', NULL, NULL),
(29, 'DPMA', 2, 'C/ Martin Velasco 17, 5 D, 28320, Pinto, Madrid', '0.00', '2020-06-04 18:45:01', NULL),
(45, 'DPMA', 11, 'Calle Cartuja 2, Escalera derecha, 2º A', '0.00', '2020-06-04 19:46:34', NULL),
(69, 'DPMA', 2, 'C/ Martin Velasco 17, 5 D, 28320, Pinto, Madrid', '0.00', '2020-06-04 20:01:26', NULL),
(70, 'DPMA', 2, 'C/ Martin Velasco 17, 5 D, 28320, Pinto, Madrid', '0.00', '2020-06-04 20:04:47', NULL),
(71, 'DPMA', 2, 'C/ Martin Velasco 17, 5 D, 28320, Pinto, Madrid', '0.00', '2020-06-04 20:05:22', NULL),
(72, 'DPMA', 2, 'C/ Martin Velasco 17, 5 D, 28320, Pinto, Madrid', '0.00', '2020-06-04 20:09:05', NULL),
(73, 'DPMA', 2, 'C/ Martin Velasco 17, 5 D, 28320, Pinto, Madrid', '0.00', '2020-06-04 20:13:26', NULL),
(74, 'DPMA', 2, 'C/ Martin Velasco 17, 5 D, 28320, Pinto, Madrid', '0.00', '2020-06-04 20:18:42', NULL),
(75, 'DPMA', 2, 'C/ Martin Velasco 17, 5 D, 28320, Pinto, Madrid', '0.00', '2020-06-04 20:35:23', NULL),
(76, 'DPMA', 2, NULL, '0.00', NULL, NULL),
(77, 'DPMA', 2, 'C/ Martin Velasco 17, 5 D, 28320, Pinto, Madrid', '0.00', '2020-06-07 17:19:48', NULL),
(78, 'DPMA', 2, 'C/ Martin Velasco 17, 5 D, 28320, Pinto, Madrid', '0.00', '2020-06-07 17:20:08', NULL),
(79, 'DPMA', 2, 'C/ Martin Velasco 17, 5 D, 28320, Pinto, Madrid', '0.00', '2020-06-08 20:40:14', NULL),
(80, 'DPMA', 11, 'Calle Cartuja 2, Escalera derecha, 2º A', '0.00', '2020-06-11 19:52:53', NULL),
(81, 'DPMA', 11, NULL, '0.00', NULL, NULL),
(82, 'DPMA', 11, 'Calle Cartuja 2, Escalera derecha, 2º A', '0.00', '2020-06-13 22:14:00', NULL),
(83, 'DPPI', 11, NULL, '0.00', NULL, NULL),
(84, 'DPMA', 11, 'Calle Cartuja 2, Escalera derecha, 2º A', '0.00', '2020-06-15 20:45:13', NULL);

-- --------------------------------------------------------

--
-- Estructura de tabla para la tabla `producto`
--

CREATE TABLE `producto` (
  `ID_PRODUCTO` int(11) NOT NULL,
  `NOMBRE_PRODUCTO` varchar(40) NOT NULL,
  `DESCRIPCION_PRODUCTO` varchar(300) NOT NULL,
  `CATEGORIA_PRODUCTO` varchar(50) NOT NULL,
  `PRECIO_PRODUCTO` decimal(10,2) NOT NULL
) ENGINE=InnoDB DEFAULT CHARSET=latin1;

--
-- Volcado de datos para la tabla `producto`
--

INSERT INTO `producto` (`ID_PRODUCTO`, `NOMBRE_PRODUCTO`, `DESCRIPCION_PRODUCTO`, `CATEGORIA_PRODUCTO`, `PRECIO_PRODUCTO`) VALUES
(1, 'New York MeatBalls', 'Salsa de tomate, queso 100% mozzarella, pepperoni, meatballs, salsa BBQ por encima y queso cheddar en los bordes.', 'Pizzas', '12.90'),
(2, 'Oklahoma Bacon Crispy', 'Salsa BBQ original, queso 100% mozzarella, pepperoni, york, bacon cripy y queso cheddar en el borde.', 'Pizzas', '12.90'),
(3, 'Texas BBQ Crispy', 'Salsa BBQ Texas, queso 100% mozzarella, bacon crispy, bacon, pollo a la parrilla, carne de vacuno, queso cheddar en el borde y salsa.', 'Pizzas', '12.90'),
(4, 'Cremozza al estilo Bourbon', 'Base de crema fresca, queso 100% mozzarella, bacon, pollo a la parrilla, cebolla y salsa Bourbon', 'Pizzas', '11.90'),
(5, 'Cremozza BBQ', 'Base de crema fresca, queso 100% mozzarella, bacon, pollo a la parrila, cebolla, salsa barbacoa.', 'Pizzas', '11.90'),
(6, 'Cabramelizada', 'Crema fresca, queso 100% mozzarella, queso de cabra, cebolla caramelizada.', 'Pizzas', '11.90'),
(7, 'Cheesix', 'Crema fresca, queso 100% mozzarella, cheddar, emmental, parmesano, gorgonzola, queso de cabra.', 'Pizzas', '11.90'),
(8, 'Pecado Carnal', 'Salsa de tomate, extra de queso 100% mozzarella, carne de vacuno, bacon, pepperoni, york.', 'Pizzas', '10.90'),
(9, 'Carbonara', 'Crema fresca, queso 100% mozzarella, bacon, champiñon y cebolla.', 'Pizzas', '10.90'),
(10, 'Extravaganzza', 'Sala de tomate, mozzarella, carne de vacuno, pepperoni, York, bacon, cebolla, pimiento verde, champiñon y aceitunas negras.', 'Pizzas', '10.90'),
(11, 'Barbacoa', 'Salsa barbacoa, queso 100% mozzarella, carne de vacuno, cebolla, bacon, maiz', 'Pizzas', '10.90'),
(12, 'Hawaiana Plus', 'Salsa de tomate, extra de queso 100% mozzarella, doble de York y piña.', 'Pizzas', '10.90'),
(13, 'Pollo a la Parrilla', 'Salsa de tomate, queso 100% mozzarella, doble de pollo a la parrilla, cebolla, champiñon y maíz.', 'Pizzas', '10.90'),
(14, 'Cuatro  Quesos', 'Salsa de tomate, queso 100% mozzarella, cheddar, emmental y gorgonzola.', 'Pizzas', '10.90'),
(15, 'Tony Pepperoni', 'Salsa de tomate, extra de queso 100% mozzarella y doble de pepperoni.', 'Pizzas', '10.90'),
(16, 'Patanegra', 'Salsa de tomate, queso 100% mozzarella, jamón serrano, aceite de oliva, aceitunas negras, tomate natural y orégano.', 'Pizzas', '10.90'),
(17, 'Campiña', 'Salsa de tomate, extra de queso 100% mozzarella, champiñón, pimiento verde, cebolla, aceitunas negras y tomate natural.', 'Pizzas', '10.90'),
(19, 'Cheese &  Bacon Fries', 'Nuestras patatas con bacon crispy y deliciosa salsa cheddar.', 'Complemento', '7.90'),
(20, 'Patatas Grill', 'Crujientes patatas horneadas acompañadas de una salsa a elegir.', 'Complemento', '7.90'),
(21, 'Combo de pollo', 'Strippers, Kickers y Alitas (17 uds).', 'Complemento', '9.90'),
(22, 'Combo de alitas', 'Alitas en salsa Bourbon, Mostaza y miel y Barbacoa (18 uds).', 'Complemento', '9.90'),
(23, 'Alitas de pollo', 'Sabrosas alitas de pollo marinadas (6uds).', 'Complemento', '6.90'),
(24, 'Alitas de polllo con salsa', 'Sabrosas alitas de pollo marinadas con salsa.', 'Complemento', '7.90'),
(25, 'Kickers', 'Pequeñas pechugas de pollo empanadas, con rebozado picante (6uds).', 'Complemento', '6.90'),
(26, 'Strippers', 'Tiras de pollo empanadas (5uds).', 'Complemento', '6.90'),
(27, 'Camembits', 'Deliciosos bocados de queso que se funden en tu boca.', 'Complemento', '6.90'),
(28, 'Pan de ajo con queso', 'Crujiente pan de ajo tostado con queso 100% mozzarella fundido (4 o 6 uds).', 'Complemento', '0.00'),
(29, 'Brownkie', 'Una deliciosa unión de cookies y brownie fundido.', 'Postre', '4.95'),
(30, 'Chococheese', 'Cremoso volcán de queso con una esponjosa base de brownie de chocolate.', 'Postre', '4.95'),
(35, 'Cookies', 'Deliciosas galletas con pepitas de chocolate.', 'Postre', '3.95'),
(36, 'Vulcano de chocolate', 'Delicioso bizcocho de chocolate relleno de chocolate fundido.', 'Postre', '3.95'),
(37, 'Pepsi', 'Pepsi clásica lata 33cl.', 'Bebida', '1.50'),
(38, 'Pepsi Max', 'Pepsi Maaxlata 33cl.', 'Bebida', '1.50'),
(39, 'Red Bull', 'Red Bull lata 25cl.', 'Bebida', '2.30'),
(40, 'Kas Naranja', 'Kas Naranja lata 33cl.', 'Bebida', '1.50'),
(41, 'Cerveza Mahou', 'Cervaza Mahou 5 estrellas 33cl', 'Bebida', '1.50'),
(42, 'Cocacola', 'Cocacola lata 33cl', 'Bebida', '1.75'),
(43, 'Kas Limón', 'Kas Limón lata 33cl.', 'Bebida', '1.50'),
(44, 'Agua', 'Agua sin gas 50cl.', 'Bebida', '1.10'),
(46, 'BACON & CHEESE FRIES', 'No te pierdas nuestras Bacon & Cheese Fries, uno de los platos más icónicos de Foster’s Hollywood: deliciosas y crujientes patatas fritas con mix de q', 'Entrante', '9.95'),
(47, 'NACHOS SAN FERNANDO', 'Un clásico indispensable en tu mesa: Nachos San Fernando, el más puro estilo Foster’s Hollywood. Totopos servidos con quesos fundidos, chili con carne', 'Entrante', '9.95'),
(48, 'BBQ & RANCH CHICKEN FLATBREAD', 'Fina masa cubierta de mix de quesos, salsa barbacoa, pechuga marinada, bacon crispy, salsa ranchera y perejil.', 'Entrante', '9.95'),
(49, 'HOLLYWOOD COMBO', 'Fingers de queso, aros de cebolla, delicias de jalapeños y Foster Chicken Pops (muslitos de alita de pollo), con salsa ranchera y barbacoa, para dip', 'Entrante', '9.95'),
(50, 'FOSTERS CHICKEN POPS', '\r\nMuslitos de alita de pollo marinados en salsa Búfalo picante, acompañados con apio fresco y salsa de queso azul para dipear.', 'Entrante', '9.95'),
(51, 'MAC & CHEESE', '\r\nMacarrones con crema de queso empanados con cereal de maíz sobre salsa de tomate y albahaca, y queso Parmigiano Reggiano rallado.', 'Entrante', '9.95'),
(52, 'GUACAMOLE HECHO EN TU MESA', 'Preparado en tu mesa con aguacate, cebolla, jalapeño, cilantro, sal, lima y Tabasco a tu gusto. Acompañado de totopos para dipear.', 'Entrante', '9.95'),
(53, 'CHOICE CHICKEN FINGERS', '\r\nPechuga de pollo empanada. Elige una salsa: barboca o miel mostaza.', 'Entrante', '9.95'),
(54, ' PULLED SMOKED CHESSE FRIES', '¡Empieza a lo grande con nuestras Pulled Smoked Cheese Fries! Deliciosas y crujientes patatas fritas gratinadas con queso Cheddar ahumado y mix de que', 'Entrante', '9.95'),
(55, 'FINGERS DE QUESO GRAND CENTRAL', 'Queso Gouda empanado. Elige una salsa: ranchera, BBQ o frambuesa.', 'Entrante', '9.95'),
(56, 'AROS DE CEBOLLA', 'Nuestra auténtica receta americana.', 'Entrante', '9.95'),
(57, 'TEX & CHEESE FRIES', 'Patatas fritas acompañadas de mix de quesos, pico de gallo, chili con carne, jalapeños, salsa ranchera, salsa Smoked Red Pepper y cilantro.', 'Entrante', '9.95'),
(58, 'FAJITAS EL PASO', '\r\nCarne de vacuno, pollo o mixtas. Servidas en una sartén caliente y cocinadas con cebolla y pimientos. Envuelve todo en las tortillas de harina de tr', 'Tex Mex', '11.90'),
(59, 'CHICKEN ENCHILADA', 'Tortilla roja de trigo y tomate, rellena de pollo a la parrilla, mix de quesos fundidos y salsa Satay, coronada con salsa\r\nde tomatillo verde ligerame', 'Tex Mex', '11.90'),
(60, 'BURRITO MONTERREY', 'Tortilla de trigo y tomate rellena de tiras de pechuga de pollo marinada a la parrilla, arroz salvaje, mix de quesos, maíz y vinagreta Garden.', 'Tex Mex', '11.90'),
(61, 'SONORA CHICKEN TACOS', 'Tortillas de trigo rellenas de pechuga marinada a la parrilla con ensalada campestre, mix de quesos, vinagreta Garden y lima. Con arroz salvaje y sals', 'Tex Mex', '11.90'),
(62, 'CALIFORNIA SALAD', 'Aquí eres tú el que elige: pide tu Ensalada California clásica o vegetariana. Mezcla de lechugas, queso Feta, arroz basmati, tomates cherry, aguacate, nueces y maíz, coronado con delicioso pollo a la parrilla con especias BBQ, servido con vinagreta Gingersoy y cilantro.', 'Ensaladas', '11.90'),
(63, 'FOSTER CAESAR SALAD', 'Pechuga de pollo a la parrilla, lechuga romana, croutons, queso grana padano, aliñado con salsa parmesana.', 'Ensaladas', '11.90'),
(64, 'MEDITERRANEAN SALAD', 'Paleta ibérica en tiras, queso de cabra, tomates cherry y pasas sobre mezcla de lechugas. Alíñala con la salsa que más te guste, mostaza y miel, aceite y vinagre o nuestra vinagreta dulce Vin Brulé con matices de vino.', 'Ensaladas', '11.90'),
(65, 'SANTA MÓNICA', 'Pollo empanado en trozos, bacon crujiente, mezcla de quesos rallados y tomate sobre una mezcla de lechugas. Elige tu salsa entre susa, queso azul, mostaza y miel o aceite y vinagre.', 'Ensaladas', '11.90'),
(66, ' THE NEWYORKER 325 GRS', 'Jugoso entrecotte sazonado y preparado en nuestra parrilla. Servido con nuestra deliciosa salsa Steakhouse.', 'Carnes', '14.90'),
(67, 'FLANK STEAK 300 GRS', 'Corte argentino, vacío de vacuno marinado en cerveza negra. Preparado a la parrilla con carbón vegetal y acompañado con salsa Steakhouse.', 'Carnes', '14.90'),
(68, 'SALISBURY STEAKS', 'Sabrosa carne de vacuno aderezada, servida con salsa de champiñones, cebolla pochada y mezcla de quesos fundidos. No te pierdas nuestro delicioso Salisbury Steak acompañado de ensalada de lechuga, tomate y jalapeños.', 'Carnes', '14.90'),
(69, 'BEEF BONE', 'Carne de vacuno cocinada lentamente y terminada a la parrilla con salsa BBQ, con cebolla frita, tomate cherry y cilantro. Con 4 tortillas de trigo para montar tus propios tacos con salsa Smoked Red Pepper, pico de gallo, guacamole y lima. Con patatas Dipper, cebollino y salsa Smoked Red Pepper.', 'Carnes', '14.90'),
(70, 'NATIONAL STAR RIBS', 'El mejor costillar.', 'Costillas', '16.90'),
(71, 'CAVATAPPI CHICKEN PASTA', 'Pasta con crema elaborada con nata, mezcla de queso, cebolla caramelizada y salsa Búfalo picante. Te servimos nuestro Cavatappi Chicken Pasta con pechuga de pollo al estilo cajún o la parrilla y tostadas de pan.', 'Pollo', '12.90'),
(72, 'TERIYAKI CHICKEN BROCHETTE', 'Brochetas de pollo rebozados y especiados, pimiento rojo, pimiento verde y cebolla pochada, con salsa teiyaki sobre arroz basmati, con semillas de sésamo y cilantro.', 'Pollo', '10.90'),
(73, 'CHICKEN & RICE WOK', 'Pops de pollo rebozados y especiados, caramelizados con salsa Teriyaki, pimiento rojo y verde, cebolla pochada y arroz Basmati. Coronado con semillas de sésamo y cilantro. ', 'Pollo', '11.90'),
(74, 'CAESAR SANDWICH', 'Pechuga de pollo a la parrilla, bacon crujiente, lechuga romana y salsa parmesana en pan con semillas y copos de avena.', 'Sándwiches', '10.90'),
(75, 'SOUTHERN CHICKEN SANDWICH', 'Contramuslos de pollo rebozados al estilo sureño con pan Pretzel, lechuga trocadero, tomate, queso Cheddar y bacon ahumado con madera de haya. Con salsa de miel mostaza, pepinillo picado, mango y un toque de yuzu, jugo oriental que aporta el contraste dulce-ácido.', 'Sándwiches', '11.90'),
(76, 'PULLED PORK SANDWICH', 'El Pulled Pork Sandwich, renovado: carne de cerdo deshilachada, con salsa BBQ, cheddar ahumado, lechuga romana aderezada con salsa Yuzu y pepinillos con toques dulces y ácidos. Servidos con nuestras patatas Dipper. La combinación perfecta de sabores.', 'Sándwiches', '11.90'),
(77, 'BLACK LABEL BURGER', 'Disfruta la receta original de la Black Label Burger: Pan con sabor a trufa, queso Cheddar y cebolla morada confitada al Oporto. Acompañado de mayonesa con sabor a trufa, lechuga trocadero, tomate, pepinillo pickle y patatas fritas con queso Parmigiano Reggiano. Puedes cambiar las patatas fritas por', 'Hamburguesas', '14.90'),
(78, 'RACLETTE BURGER', 'Carne de vacuno, pan rústico con semillas, salsa Mayo Chipotle, salteado de cebolla y pimientos, pepinillos, cebolla frita y bacon crispy. Acompañada de patatas Dipper y salsa Mayo Chipotle.', 'Hamburguesas', '13.90'),
(79, 'ORLEANS BURGER', 'Pollo rebozado al estilo sureño sobre base de guacamole y coronado con chili con carne, servido en pan de cristal, acompañada de patatas Dipper. Y antes de que disfrutes del primer mordisco, la culminamos en tu mesa rallando queso Cheddar madurado.', 'Hamburguesas', '13.90'),
(80, 'SMOKED BURGER', 'Prueba la carne de nuestra Smoked Burger, ahumada artesanalmente al estilo Low & Slow con humo de nogal. En pan de cristal, servida con salsa Mayo Smoked Bacon, queso Cheddar ahumado y cebolla pochada, acompañado de patatas Dipper con especias BBQ, lechuga trocadero, tomate, rúcula y pepinillo pickl', 'Hamburguesas', '12.90'),
(81, ' TRUFFLED BURGER', 'Carne de vacuno con boletus y aceite de trufa. En pan de trufa con champiñones Portobello, cebolla pochada y  lascas de queso Grana Padano y acompañada de patatas dipper y queso parmesano, Mayo Truffled, rúcula y tomate.', 'Hamburguesas', '12.90'),
(82, ' FOSTER CAESAR BURGER', 'Carne de vacuno con queso grana padano, bourbon style bacon, lechuga romana, tomate, salsa parmesana y pan rústico de semillas.', 'Hamburguesas', '12.90'),
(83, 'GORGONZOLA BURGER', 'Gorgonzola fundido, cebolla caramelizada, nueces, tomate, rúcula, mayonesa balsámica y pan rústico de semillas', 'Hamburguesas', '11.90'),
(84, 'PHILADELPHIA ONION BURGER', '\r\nPhiladelphia, cebolla caramelizada, tomate en rodajas, carne de vacuno, mezcla de lechugas, mayonesa y pan clásico.', 'Hamburguesas', '11.90'),
(85, 'TRIBECA BURGER', 'Queso monterrey jack, aguacate y cebolla caramelizada sobre carne de vacuno, rúcula, tomate, salsa de miel mostaza y pan rústico de semillas.', 'Hamburguesas', '11.90'),
(86, 'PULLED PORK BURGER', 'Carne de cerdo deshilachada sobre hamburguesa de vacuno con salsa BBQ, queso Cheddar, tomate y lechuga batavia. Con pan clásico y salsa Mayo Smoked Bacon.', 'Hamburguesas', '11.90'),
(87, 'THE VEGGIE BURGER', 'Burger de arroz integral, quinoa, beans, salsa BBQ, lechuga trocadero, tomate, aguacate, cebolla morada, maíz, mayonesa garden y queso monterrey jack. En pan rústico de semillas. ', 'Hamburguesas', '11.90'),
(88, 'BBQ EGG BURGER', '¡Con huevo a la plancha! Cebolla pochada, bacon ahumado con madera de haya, lechuga batavia, tomate, salsa barbacoa y, por supuesto, carne de vacuno en pan clásico.', 'Hamburguesas', '11.90'),
(89, 'DIRECTOR’S CHOICE', 'Director’s Choice, tu Burger de siempre, ahora con los ingredientes que prefieras. Pide nuestra receta recomendada Foster’s Hollywod: Carne de vacuno con queso Cheddar, bacon ahumado con madera de haya, cebolla morada a la plancha, tomate, lechuga Batavia, pan clásico y mayonesa. Además, ¡personal', 'Hamburguesas', '10.90'),
(90, ' DIRECTOR’S CHICKEN BURGER', 'Filete de pechuga de pollo a la parrilla, queso Cheddar fundido, bacon, mezcla de lechugas, cebolla morada, tomate en rodajas, mayonesa y pan clásico.', 'Hamburguesas', '10.90'),
(91, 'BACON BURGER', 'Bacon, carne de vacuno, patatas fritas, mezcla de lechugas, tomate en rodajas, mayonesa y pan clásico.', 'Hamburguesas', '10.90'),
(92, 'CHEESE BURGER', 'Queso cheddar fundido sobre carne de vacuno, lechuga batavia, tomate, mayonesa y pan clásico.', 'Hamburguesas', '9.95'),
(93, 'ALL STAR BROWNIE', 'Brownie caliente de chocolate, acompañado de helado de vainilla, cubierto con nueces y nuestra salsa de chocolate caliente.', 'Postre', '7.95'),
(94, 'CHEESE & CHOCOLATE CAKE', 'Tarta de queso con una base de bizcocho de chocolate, servida con nata y chocolate caliente.', 'Postre', '6.95'),
(95, 'PANCAKES PARADISE', 'Tortitas servidas con nata, plátano, nueces, pepitas de chocolate negro y bañadas en sirope de arce y dulce de leche.', 'Postre', '8.95'),
(96, 'NEW YORK CHEESECAKE', 'Tarta de queso, elaborada con philadelphia y acompañada de salsa y frutos del bosque.', 'Postre', '6.95'),
(97, 'AMAZING CHOCO BALL', 'Esfera de chocolate que derretimos frente a ti con chocolate caliente, con interior cremoso de frosting de Oreo® y con trocitos de Chips Ahoy®.', 'Postre', '7.95'),
(98, ' DEATH BY CHOCOLATE', 'Base de bizcocho de chocolate, con helado de chocolate cubierto con una crujiente capa de chocolate blanco\r\ny salsa de chocolate, pepitas de chocolate puro, chispas de azúcar oro y un toque de leche condensada.', 'Postre', '7.95'),
(99, 'DEVIL FOOD CAKE', 'Delicioso bizcocho de chocolate relleno de crema de chocolate, cubierto con chocolate fondant y bañado con nuestra salsa de chocolate y trocitos de galleta Chips Ahoy®.', 'Postre', '7.95'),
(100, 'BANOFFEE CHEESECAKE', 'Tarta de queso y plátano sobre una base de galleta, con dulce de leche y acompañado de plátano en rodajas.', 'Postre', '6.95'),
(101, 'OREO COOKIES SUNDAE', 'El suculento broche final: Oreo Cookies Sundae. Dos bolas de helado de vainilla con galletas Oreo, salsa de chocolate y nata.', 'Postre', '5.95'),
(102, 'COPA DE HELADO BEN & JERRY', 'Dos bolas de delicioso helado: chocolate fudge Brownie, strwberry cheesecake o vainilla cookie dough.', 'Postre', '5.95'),
(103, 'EL GRAND MILKSHAKE AMERICANO', '¡Aquí está nuestro batido americano de siempre! Delicioso batido cremoso y frío de chocolate, vainilla o fresa y servido con barquillo y nata. Atrévete a probar El Gran Milkshake Americano.', 'Postre', '5.95'),
(104, 'WAFFLY JERRY', 'Tres minigofres con helado de vainilla Cookie Dough de Ben & Jerry’s, con dulce de leche y pepitas de chocolate negro.', 'Postre', '4.95'),
(105, 'NACHOS SUBLIME', 'Nachos con queso fundido, jalapeño crujiente, juancamole, judías, carne marinada, crema agria, pico de gallo con salsa de tomate verde.', 'Entrante', '12.00'),
(106, 'TEQUEÑOS', 'Tequeños variados, 3 uds. de queso y 3 uds. de pizza, acompañados de salsa sweet chili.', 'Entrante', '7.00'),
(107, 'CHIKEN TENDERTENDER', 'Crujientes tiras de pollo a la parrilla, en nuestra mezcla secreta y acompañadas de salsa BBQ.', 'Entrante', '9.00'),
(108, 'JUANCAMOLE', 'Exquisito guacamole casero con totopos fritos de maíz.', 'Entrante', '7.00'),
(109, 'HUMMUS AL PESTO', 'Crema de garbanzos con salsa pesto, bastones de zanahoria, acompañada de totopos de maíz.', 'Entrante', '6.00'),
(110, 'HUEVOS ROTOS', 'Chips de boniato, alioli healthy, huevos fritos y picadillo de jamón ibérico.', 'Entrante', '11.00'),
(111, 'STRAWBERRY SALAD', 'Brotes tiernos, fresas, crujiente de cebolla, queso brie, nueces y balsámico de chocolate. (disponibilidad según temporada)', 'Ensaladas', '10.00'),
(112, 'SUBLIME SALAD', 'Ensalada de rúcula, compota de manzana, queso brie, cacahuete, arándano deshidratado y balsámico de trufa.', 'Ensaladas', '10.00'),
(113, 'TEMPLADA SALAD', 'Original ensalada templada con bacon tostado, medallón de queso de cabra, nueces, espinaca y miel de caña.', 'Ensaladas', '10.00'),
(114, 'SUBLIME', '180gr de carne a elegir, salsa de crema de cacahuete, bacon, cebolla caramelizada, queso cheddar, salsa sublime y brotes tiernos.', 'Hamburguesas', '13.00'),
(115, 'MEXICAN', '180gr de carne a elegir, guacamole, relish de pepinillo agridulce alemán crema agria, tomate rallado, jalapeño y brotes tiernos.', 'Hamburguesas', '13.00'),
(116, 'AVARICE', '180gr de carne a elegir, queso brie, bacon tostado, cebolla crujiente, balsámico de Pedro Ximénez y brotes tiernos.', 'Hamburguesas', '11.00'),
(117, 'PURE GLUTTONY', '180gr de carne a elegir, medallón de queso de cabra, bacon, nueces, espinaca fresca y miel de caña.', 'Hamburguesas', '11.00'),
(118, 'APPLE', '180gr de carne a elegir, compota de manzana, bacon tostado, queso brie, nueces, rúcula y balsámico de trufa.', 'Hamburguesas', '11.00'),
(119, 'CLASSIC', '180gr de carne a elegir, relish de pepinillo, bacon tostado, tomate triturado, cebolla caramelizada, queso cheddar y mayonesa sriracha “ligeramente picante”.', 'Hamburguesas', '11.00'),
(120, 'BLUE CHEESE', '180gr de carne a elegir, crema de cabrales, confitura de pimiento, cebolla crujiente y brotes tiernos.', 'Hamburguesas', '11.00'),
(121, 'BASIC', '180gr de carne a elegir, queso cheddar y bacon tostado a la parrilla.', 'Hamburguesas', '8.00'),
(122, 'DREAMS', '180gr de carne a elegir, cebolla caramelizada, mouse de pato, confitura de pimiento casera, huevo frito y brotes tiernos.', 'Hamburguesas', '13.00'),
(123, 'BOURBON', 'Hamburguesa de ternera, medallón de queso de cabra, cebolla caramelizada, salsa bourbon y brotes tiernos.', 'Hamburguesas', '12.00'),
(124, 'VEGGIES', 'Hamburguesa de soja bbq, cebolla caramelizada, col morada, relish de pepinillo agridulce alemán, y rúcula.', 'Hamburguesas', '10.00'),
(125, 'RIBS BBQ', 'Carne de costillas asadas a fuego lento durante 6 h, queso cheddar salsa bbq, bacon y huevo frito.', 'Hamburguesas', '10.00'),
(126, 'IBÉRICA', 'Hamburguesa de tenera, jamón ibérico, queso curado, tomate rallado con aceite de oliva y huevo frito.', 'Hamburguesas', '12.00'),
(127, 'CINNAMON', 'Hamburguesa de ternera, mousse de pato, cebolla, caramelizada, compota de manzana, alioli de canela y rúcula.', 'Hamburguesas', '12.00'),
(128, 'CARNIVOROUS', 'Hamburguesa de ternera, carne de costillas asadas, doble de queso cheddar, cebolla crujiente, bacon y salsa BBQ.', 'Hamburguesas', '15.00'),
(129, 'SWEET BACON', 'Hamburguesa de ternera con mermelada de bacon, queso brie, cebolla frita y caramelizada y baconesa.', 'Hamburguesas', '12.00'),
(130, 'DONUS HAMBURGER', 'Hamburguesa de ternera con doble de bacon y cheddar, onus tostado, huevo frito, salsa bbq sublime, todo sobre donas tostados a la parrilla.', 'Hamburguesas', '11.00'),
(131, 'CHEESE PORN', '180gr de ternera, aros de cebolla a la cerveza, medallón de queso de cabra, cebolla caramelizada, bacon tostado y salsa Jack Daniel´s original, bañada con salsa de queso cheddar por encima de nuestro jugoso pan.', 'Hamburguesas', '14.00'),
(132, 'SUBLIME FIT', 'Hamburguesa de solomillo de pollo de corral desgrasada a la zanahoria, queso rico en proteína, pimiento del piquillo, huevo a la plancha, brotes tiernos y pan proteico multicereal.', 'Hamburguesas', '12.00'),
(133, 'HEALTHY', 'Hamburguesa de solomillo de pollo de corral desgrasada a la zanahoria, col morada, crema de queso omega 3, relish de pepinillo, tomate triturado y brotes tiernos sobre pan proteico multicereal.', 'Hamburguesas', '11.00'),
(134, 'MEXICAN FIT', 'Hamburguesa de solomillo de pollo de corral desgrasada a la zanahoria, relish de pepinillo, juancamole, jalapeño, tomate triturado y brotes tiernos, sobre pan proteico multicereal.', 'Hamburguesas', '12.00'),
(135, 'CHEESE FIT', 'Hamburguesa de solomillo de pollo de corral desgrasada a la zanahoria, con queso de cabra rico en omega 3, relish de pepinillo y brotes tiernos, sobre pan proteico multicereal.', 'Hamburguesas', '10.00'),
(136, 'HUMMUS FIT', 'Hamburguesa de solomillo de pollo de corral desgrasada a la zanahoria, hummus, col morada, ali oli healthy y brotes tiernos, sobre pan proteico multicereal.', 'Hamburguesas', '10.00'),
(137, 'SANDWICH INVERSO DE CABRA', 'Ternera a la parrilla, rellena de queso de cabra, cebolla caramelizada, y Pedro Ximénez con guarnición.', 'Carnes', '11.00'),
(138, 'HAMBURGUESA A LA PARRILLA', '360gr. de nuestra hamburguesa a la parrilla, sin pan y con guarnición.', 'Carnes', '11.00'),
(139, 'SUBLIME ICE CREAM', 'Helado de avellana con chocolate Sublime. Rodajas de plátano, crema de cacahuete, donus tostado a la parrilla y coronando nuestro brownie de chocolate con caramelo salado, nata montada y galleta oreo. Ideal para compartir.\r\n\r\nDisfruta de tu día trampa', 'Postre', '9.00'),
(140, 'BROWNIE', 'Auténtico brownie al estilo USA con caramelo salado y rocas de chocolate, acompañado de helado de vainilla y donus tostado a la parrilla.', 'Postre', '6.00'),
(141, 'FIT CHEESE CAKE', 'Tarta de queso desgrasado con crema de chocolate Sublime sin azúcar.', 'Postre', '6.00'),
(142, 'DONUS LOVER', 'Crema de mantequilla de cacahuete, bacon tostado, chocolate Sublime, Kinder bueno, nata montada y galleta oreo entre dos donus tostados a la parrilla.', 'Postre', '6.00'),
(143, 'AMERICAN COOKIES CAKE', 'Tarta de queso y American black cookies con dulce de leche, chocolate y donus tostado a la parrilla.', 'Postre', '6.00'),
(144, 'QUESADILLA CON CARNE AL PASTOR Y QUESO', 'Dos tortillas de trigo rellenas de carne al pastor y queso fundido.', 'Entrante', '10.00'),
(145, 'CHILE CHEESE NACHOS', 'Nachos de maíz recubiertos de chili con carne, queso cheddar fundido, pico de gallo, frijoles, jalapeños, crema agria y guacamole.', 'Entrante', '9.00'),
(146, 'NACHOS TEX MEX', 'Tex Mex\r\n\r\nNachos de maíz, mezcla de quesos, cebolla roja, chorizo picado, chiles jalapeños, cilantro y crema agria.', 'Entrante', '8.00'),
(147, 'NACHOS CON HUMMUS', 'Nachos de maíz acompañados de Hummus de garbanzo y pico de gallo.', 'Entrante', '8.00'),
(148, 'NACHOS CON GUACAMOLE', 'Nachos de maíz acompañados de Guacamole y pico de gallo.', 'Entrante', '8.00'),
(149, 'PATATAS RUSTIC', 'Gajos de patata fritas con dos salsas: salsa especial VIPS y Baconesa.', 'Entrante', '7.00'),
(150, 'AROS DE CEBOLLA', 'Aros de cebolla con Parmesano, orégano, cayena y dos salsas.', 'Entrante', '7.00'),
(151, 'QUESADILLA DE JAMÓN Y QUESO', 'Dos tortillas de harina de trigo, jamón York, queso Cheddar fundido, pico de gallo, crema agria y guacamole.', 'Entrante', '8.00'),
(152, 'CROQUETAS', 'Croquetas de jamón, Mozzarella y pan rallado al estilo japonés. Acompañadas de tomate seco, cebolla crujiente y salsas mayonesa de hierbas y tomate.', 'Entrante', '7.00'),
(153, 'CHICKEN FINGERS', 'Fingers de pollo Cornflakes con salsa BBQ Chipotle y salsa Mostaza & Miel.', 'Entrante', '7.00'),
(154, 'COMBO DE ENTRANTES VIPS', 'Combo de: Aros de cebolla con salsa especial VIPS, Quesadilla de jamón York y queso con pico de gallo, crema agria y guacamole, Croquetas y Nachos Tex Mex.', 'Entrante', '9.00'),
(155, 'VIPS SALAD', 'Ensalada con langostinos salteados, dados de aguacate, tomate cherry, tomate seco y croutons sobre lechuga romana y rúcula. Aliñada con nuestra salsa César.', 'Ensaladas', '10.00'),
(156, 'ENSALADA SICILIANA', 'Tomates Cherry, natural e italiano seco, mezcla de lechuga romana y rúcula, perlas de Mozzarella, aceitunas negras y vinagreta de especias.', 'Ensaladas', '10.00'),
(157, 'ENSALADA VEGGIE', 'Ensalada de bulgur, espinaca, rúcula, lombarda, aguacate, calabacín asado, brotes de cebolla, anacardos, pipas de calabaza y vinagreta.', 'Ensaladas', '10.00'),
(158, 'ENSALADA CÉSAR', 'Lechuga española, queso Parmesano, croutons de pan tostado, pollo crujiente y salsa César.', 'Ensaladas', '10.00'),
(159, 'ENSALADA LOUISIANA', 'Dados de pollo, salsa de Bourbon y melaza, salsa ranch, mezcla de lechugas, pimiento rojo, bacon ahumado y cebolla frita.', 'Ensaladas', '11.00'),
(160, 'ENSALADA TOSCANA', 'Pollo a la plancha, bacon ahumado, queso Gorgonzola, croutons de pan tostado, tomate y mezcla de lechugas.', 'Ensaladas', '10.70'),
(161, 'PIZZA BACON&CREAM', 'Bacon crujiente, champiñones y ajetes sobre Mozzarella fundida y una cremosa salsa blanca en base de focaccia.', 'Pizzas', '11.00'),
(162, 'PIZZA PEPPERONI', 'Trozos de peperoni crujiente, deliciosa mezcla de quesos y albahaca.', 'Pizzas', '11.00'),
(163, 'PIZZA MARGARITA', 'Mozzarella fresca fundida y orégano.', 'Pizzas', '10.00'),
(164, 'PIZZA CAPRESE', 'Tomates cherry sobre una capa de mozzarrella fresca fundida con tomatitos secos.', 'Pizzas', '10.00'),
(165, 'PIZZA CHICKEN BBQ', 'Dados de pollo acompañados de pimiento rojo, cebolla roja, salsa BBQ Chipotle y perejil sobre Mozzarella fundida.', 'Pizzas', '11.00'),
(166, 'BOWL BEEF TERIYAKI', 'Tiras de carne de vacuno y verduras orientales salteadas sobre base de noodles de trigo, acompañado de anacardos, sésamo y salsa Teriyaki, ligeramente picante.', 'Bowls', '11.00'),
(167, 'BOWL SALMÓN POKE', 'Dados de salmón* marinado en salsa Poke (Soja-Sriracha) sobre una base de arroz, acompañado con aguacate, pepino, rúcula, lombarda y anacardos con un toque de sésamo.', 'Bowls', '11.00'),
(168, 'BOWL FALAFEL VEGGIE', 'Falafel con base de bulgur y espinacas, acompañado de pimientos y calabacín asado, queso feta y aceituna negra. Servido con salsa de crema agria con un toque de cilantro.', 'Bowls', '11.00'),
(169, 'BOWL LAGONSTINOS SRIRACHA', 'Langostinos salteados con base de arroz y verduras asadas, acompañado de rúcula y salsa Sriracha.', 'Bowls', '11.00'),
(170, 'BOWL POLLO ORIENTAL', 'Tiras de pechuga de pollo salteadas, salsa agridulce de soja y piña, pimientos rojos, brócoli, anacardos, sésamo y arroz blanco.', 'Bowls', '11.00'),
(171, 'FAJITAS MEXICANAS', 'Fajitas mexicanas de carne a elegir entre: tinga de pollo o cochinita pibil.', 'Plato Principal', '12.00'),
(172, 'SUPREMA DE POLLO', 'Pechuga de pollo a la plancha, ensalada de lechuga, pico de gallo y salsa vinagreta.', 'Plato Principal', '11.00'),
(173, 'MERLUZA A LA ROMANA', 'Lomo de merluza a la romana acompañado de arroz con verduras.', 'Plato Principal', '12.00'),
(174, 'PECHUGA DE POLLO VILLAROY', 'Dos pechugas de pollo envueltas en bechamel y empanadas, huevo frito, ensalada de lechugas, tomate, patatas fritas y salsa de tomate Concassé.', 'Plato Principal', '12.00'),
(175, 'BBQ COSTILLAS VIPS', 'Costillas de cerdo a la BBQ, con aros de cebolla, patatas fritas y salsa BBQ Chipotle.', 'Plato Principal', '14.00'),
(176, 'ENTRECOT ', 'Entrecot de novillo argentino con salsa chimichurri, patatas gajo, judías verdes salteadas y tomate a la plancha.', 'Plato Principal', '15.00'),
(177, 'VIPS BURGUER', 'Doble hamburguesa de vacuno con quesos americano y cheddar, bacon, cebolla roja, pepinillo y salsa BBQ ahumada sobre pan brioche.', 'Hamburguesas', '12.00'),
(178, 'BBQ CHICKEN BISTRO', 'Hamburguesa de pechuga de pollo a la plancha en pan brioche tostado, con salsa BBQ Chipotle, cebolla frita, bacon ahumado, queso Cheddar, cebolla roja, pepinillo suave, tomate natural, lechuga Batavia y mayonesa.', 'Hamburguesas', '12.00'),
(179, 'VIPS VEGGIE BURGER', 'Hamburguesa de falafel con tzatziki ,queso feta, chutney de tomate seco, lechuga batavia, tomate y cebolla roja en pan brioche.', 'Hamburguesas', '11.00'),
(180, 'AGUACATE CHICKEN BURGER', 'Pechuga de pollo a la plancha en pan de mollete, aguacate, tomate seco, cebolla a la plancha, rodajas de tomate, lechuga y salsa de yogur.', 'Hamburguesas', '13.00'),
(181, 'ITALIAN DELI', 'Hamburguesa en pan brioche tostado, queso gorgonzola, bacon ahumado, cebolla roja, pepinillo suave, tomate natural y lechuga.', 'Hamburguesas', '12.00'),
(182, 'PAMPERA', 'Doble hamburguesa en pan de mollete, bacon, rúcula, queso Provolone y queso Americano cebolla caramelizada y mayonesa de Chimichurri.', 'Hamburguesas', '12.00'),
(183, 'THE BIG TOWER', 'Hamburguesa en pan brioche tostado, un aro de cebolla, huevo, queso, bacon, pepinillo y salsa especial.\r\n', 'Hamburguesas', '12.00'),
(184, 'FUNDY O\'CLOCK', 'Pan rústico, jamón York, pavo cocido, huevos revueltos y queso Chedda fundido.', 'Sandwiches ', '11.00'),
(185, 'JAMÓN YORK Y QUESO', 'Pan blanco o integral tostado a la plancha, jamón York y queso fundido.', 'Sandwiches ', '10.20'),
(186, 'FOCACCIA MILANO', 'Pan de Focaccia, pechuga de pollo empanada, queso estilo Parmesano, orégano, cayena, Provolone fundida, salsa de tomate, cebolla roja a la plancha, mayonesa de Pesto, hojas de albahaca y perejil.', 'Sandwiches ', '10.00'),
(187, 'VIPS CLUB', 'Pan blanco, tres pisos de pollo, bacon, jamón York, queso americano y queso Emmental, mayonesa, tomate y lechuga.', 'Sandwiches ', '11.00'),
(188, 'VIPS ROLL BROOKLYN ', 'Pan enrollado, pollo a la parrilla, jamón York, queso fundido, pepinillo, suave, cebolla caramelizada y salsa Baconesa.', 'Sandwiches ', '10.00'),
(189, 'SÁNDWICH CALIFORNIA', 'Sándwich de pan de doce cereales y semillas con verduras asadas y hortalizas: aguacate, pimientos rojos, calabacín, espinacas, brotes de cebolla, albahaca y cebolla frita, con queso de cabra, vinagreta de hierbas y guarnición de chips de verduras.', 'Sandwiches ', '11.00'),
(190, 'SÁNDWICH KENTUCKY', 'Carne pulled pork con salsa BBQ Chipotle y queso fundido en pan integral. Servido con salsa BBQ Chipotle.', 'Sandwiches ', '11.00'),
(191, 'OREO SURPRISE', 'Galletas Oreo recubiertas con nuestra famosa masa de tortitas VIPS', 'Postre', '5.00'),
(192, 'TORTITAS CON OREO', 'Con salsa de chocolate blanco, plátano natural y trocitos de Oreo.', 'Postre', '5.00'),
(193, 'TORTITAS VIPS', 'Tortitas recién hechas con nata montada VIPS y sirope de chocolate.', 'Postre', '5.00'),
(194, 'BATIDO CON OREO', 'Batido de helado de chocolate blanco, galletas Oreo y nata montada VIPS.', 'Postre', '4.00'),
(195, 'BROWNIE', 'Bizcocho caliente de chocolate, con nueces, cubierto por un helado de vainilla y con salsa de chocolate fundido.', 'Postre', '5.00'),
(196, 'Ensalada Wakame Sunomono', 'Ensalada japonesa con algas, lechuga, gambas y con granitos de sésamo\r\nContiene crustáceos y sésamo ', 'Ensaladas', '8.00'),
(197, 'Ensalada Jade ', 'Lechuga, soja, zanahoria, espárragos y jamón york ', 'Ensaladas', '6.00'),
(198, 'Ensalada Tropical', 'Gambas y sésamo\r\nContiene crustáceos, huevos y sésamo ', 'Ensaladas', '7.00'),
(199, 'Ensalada Japonesa Kimuchi ', 'De atún y salmón ', 'Ensaladas', '9.00'),
(200, 'Ensalada Goma Wakame', 'Algas picantes ', 'Ensaladas', '7.00'),
(201, 'Solomillo de Ternera ', 'Contiene soja ', 'Plancha Japonesa', '15.00'),
(202, 'Gambas Teppanyaki ', 'Contiene crustáceos y soja ', 'Plancha Japonesa', '10.00'),
(203, 'Brochetas de Gambas ', 'Contiene gluten - cereales, crustáceos y soja ', 'Plancha Japonesa', '10.00'),
(204, 'Muslo de Pollo ', 'Contiene soja y sésamo', 'Plancha Japonesa', '8.00'),
(205, 'Yakitori de Pollo', 'Contiene soja y sésamo', 'Plancha Japonesa', '8.00'),
(206, 'Magret de Pato ', 'Contiene soja ', 'Plancha Japonesa', '12.00'),
(207, 'Langostinos ', 'Contiene crustáceos y soja', 'Plancha Japonesa', '13.23'),
(208, 'Teppanyaki de Verduras ', 'Contiene soja', 'Plancha Japonesa', '7.21'),
(209, 'Rollitos de Solomillo y Espárragos Natur', 'Contiene soja ', 'Plancha Japonesa', '10.34'),
(210, 'Udon ', 'Tallarines japoneses al teppanyaki\r\nContiene soja y sésamo ', 'Plancha Japonesa', '7.23'),
(211, 'Tallarines Teppanyaki', 'Contiene soja y sésamo', 'Plancha Japonesa', '7.44'),
(212, 'Pollo con Almendras', 'Contiene gluten - cereales y soja ', 'Especialidades', '7.56'),
(213, 'Pato Pekinés, Para 2 Personas ', 'Servido con crepes, tiras de pepino, cebollín chino y acompañando con nuestra salsa especialidad del chef\r\nContiene gluten - cereales y soja', 'Especialidades', '23.56'),
(214, 'Pato Cantonés', 'Contiene gluten - cereales y soja', 'Especialidades', '10.87'),
(215, 'Wok de Pollo con Brócoli', 'Contiene soja ', 'Especialidades', '7.23'),
(216, 'Pollo Konpao', 'Contiene cacahuetes y soja', 'Especialidades', '7.23'),
(217, 'Limón Thai ', 'Pollo al limón estilo cantonés', 'Especialidades', '8.54'),
(218, 'Pollo Frito Almendrado', 'Contiene gluten - cereales', 'Especialidades', '8.45'),
(219, 'Pollo al Estilo Chef', 'Salteado con pimientos rojos y verdes, aceite de cacahuetes y un toque de limón\r\nContiene cacahuetes ', 'Especialidades', '7.45'),
(220, 'Lonchas de Buey con Bambú y Setas ', 'Contiene soja ', 'Especialidades', '9.45'),
(221, 'Gambas Picantes Thai ', 'Contiene crustáceos', 'Especialidades', '9.45'),
(222, 'Gambas con Bambú y Setas', 'Contiene crustáceos y soja', 'Especialidades', '9.17'),
(223, 'Arroz Cantonés ', 'Contiene crustáceos, huevos y soja', 'Arroces, Pastas y  Verduras', '6.87'),
(224, 'Arroz Frito Balinés ', 'Contiene crustáceos, huevos y soja ', 'Arroces, Pastas y  Verduras', '6.65'),
(225, 'Arroz Tres Delicias ', 'Contiene huevos', 'Arroces, Pastas y  Verduras', '5.87'),
(226, 'Arroz al Curry Thai', 'Contiene huevos y soja', 'Arroces, Pastas y  Verduras', '6.21'),
(227, 'Fideos de Singapur ', 'Contiene soja ', 'Arroces, Pastas y  Verduras', '7.54'),
(228, 'Tallarines Jade ', 'Contiene soja', 'Arroces, Pastas y  Verduras', '7.54'),
(229, 'Pad Thai ', 'Tallarines esitlo thai\r\nContiene soja ', 'Arroces, Pastas y  Verduras', '7.32'),
(230, 'Teppanyaki de Teppanyaki de Arroz con So', 'Contiene huevos y soja ', 'Arroces, Pastas y  Verduras', '9.12'),
(231, 'Tofu Estilo Sichuang ', 'Tofu y picado de cerdo\r\nContiene soja ', 'Arroces, Pastas y  Verduras', '6.34'),
(232, 'Teppanyaki de Arroz con Salmón y Verdura', 'Contiene: huevo y sojas', 'Arroces, Pastas y  Verduras', '9.23'),
(233, 'Edamame ', 'Judías de soja al vapor ', 'Entrantes', '4.42'),
(234, 'Pan Chino ', 'Pan de la casa', 'Entrantes', '1.43'),
(235, 'Entremeses Asian´s ', '2 Wan -Tun frito,  2 Langostino Frito, 2 Bolsitas de Langostinos, 2 Samosas, 2 Bolitas de Arroz y 2 Pho Pbia', 'Entrantes', '9.42'),
(236, 'Rollito de Primavera', 'Contiene gluten - cereales ', 'Entrantes', '2.56'),
(237, 'Pho Pbia ', 'Rollito frito de verduras y setas. Se enrolla en la lechuga y se añade un toque de menta\r\nContiene gluten - cereales', 'Entrantes', '4.54'),
(238, 'Wan-Tun Frito', 'Bolsita rellena de carne, verduras y queso\r\nContiene gluten - cereales y leche ', 'Entrantes', '4.21'),
(239, 'Samosa', 'Pasta frita con relleno de pollo, salsa curry y verduras\r\nContiene gluten - cereales ', 'Entrantes', '4.12'),
(240, 'Gyoza', 'Empanadillas japonesas fritas\r\nContiene gluten - cereales y soja', 'Entrantes', '4.54'),
(241, 'Langostinos Fritos Thai ', 'Contiene gluten - cereales y crustáceos', 'Entrantes', '6.67'),
(242, 'Bolitas de Arroz Japonés Frito Envuelto ', 'Contiene sésamo', 'Entrantes', '4.43'),
(243, 'Alitas Pollo Frito con Sesamon', 'Contiene: Soja, glutin y sesamon ', 'Entrantes', '3.23'),
(244, 'Sushi de Pez Mantequilla', 'Sushi de Pez Mantequilla', 'Sushi', '1.67'),
(245, 'Sushi de Tobico', 'Sushi de Tobico', 'Sushi', '2.87'),
(246, 'Sushi Variado', 'Contiene crustáceos ', 'Sushi', '12.21'),
(247, 'Sushi y Sashimi Variado en Barco ', 'Contiene crustáceos', 'Sushi', '26.34'),
(248, 'Sashimi Variado ', 'Contiene crustáceos', 'Sushi', '17.20'),
(249, 'Sushi de Atún', 'Sushi de Atún', 'Sushi', '2.13'),
(250, 'Sushi de Anguila', 'Sushi de Anguila', 'Sushi', '2.54'),
(251, 'Sushi de Salmón', 'Sushi de Salmón', 'Sushi', '1.65'),
(252, 'Sushi de Kiwi', 'Sushi de Kiwi', 'Sushi', '1.65'),
(253, 'Sushi de Lubina', 'Sushi de Lubina', 'Sushi', '1.32'),
(254, 'Sushi de Pulpo', 'Sushi de Pulpo,contiene moluscos', 'Sushi', '1.89'),
(255, 'Sushi de Langostinos', 'Sushi de Langostinos, contiene crustáceos', 'Sushi', '1.34'),
(256, 'Sensación de Limón ', 'Helado de limoncello y sorbete de limón ', 'Postre', '4.45'),
(257, 'Sensación de Frutos Rojos ', 'Helado de queso fresco y sorbete de frambuesa decorado con frutas del bosque ', 'Postre', '4.43'),
(258, 'Coulant', 'Bizcocho de chocolate con chocolate fundido en su interior ', 'Postre', '3.85'),
(259, 'Tiramisú', 'Bizcocho savoardi con café, relleno de queso mascarpone y con cacao en polvo ', 'Postre', '3.96'),
(260, 'Big Mac', 'Dos jugosas hamburguesas de carne 100% vacuno español, lechuga fresca y crujiente, cebolla, pepinillo, queso Cheddar fundido y nuestra inimitable salsa secreta. Todo esto envuelto en un nuevo pan de sésamo horneado al estilo tradicional.', 'Hamburguesas', '8.32'),
(261, 'McPollo', 'El ineludible bocado de pollo crujiente\r\nCrujiente pollo con mayonesa y lechuga, en pan con semilla de sésamo.', 'Hamburguesas', '7.67'),
(262, 'Cuarto de Libra', 'Seguro que eres fanático de una de las hamburguesas más míticas de McDonald’s. ¿Quién puede no rendirse ante su tradicional receta de carne, doble de queso, pepinillo, cebolla en tiras, kétchup y mostaza?', 'Hamburguesas', '7.98'),
(263, 'CBO', 'Disfruta en McDonald’s de CBO™, deliciosa hamburguesa con tus tres ingredientes favoritos: Chicken, Bacon, Onion. Delicioso pollo, crujiente bacon y el sabor sorprendente de nuestro crispy onion, con lechuga, queso, una salsa original y un pan único.', 'Hamburguesas', '8.43'),
(264, 'Grand McExtreme Bacon', 'Disfruta de su deliciosa carne 100% vacuno español acompañada de queso Gouda, bacon, cebolla blanca y nuestra inconfundible salsa de bacon. Nuestra Grand McExtreme más emblemática, ahora con una carne más jugosa y sabrosa.', 'Hamburguesas', '8.10'),
(265, 'Grand McExtreme Double Bacon', 'Disfruta el doble con su deliciosa carne 100% vacuno español acompañada de queso Gouda, bacon, cebolla blanca y nuestra inconfundible salsa de bacon. Nuestra Grand McExtreme más emblemática, ahora con mucho más de lo que te gusta.', 'Hamburguesas', '9.10'),
(266, 'Hamburguesa de ternera', 'La más pequeña de la gama ideal para Happy Meal, una hamburguesa de carne de vacuno, kétchup, mostaza, cebolla y pepinillo. ', 'Hamburguesas', '1.50'),
(267, 'Chicken Burger BBQ', 'Hamburguesa de delicioso filete de pollo crujiente con lechuga y salsa BBQ. Vuelve a disfrutar de la Chicken Burger BBQ en McDonald\'s.', 'Hamburguesas', '1.50'),
(268, 'Hamburguesa con queso', 'Nuestra Cheeseburger con kétchup, mostaza, cebolla, pepinillo y queso fundido tipo Cheddar.', 'Hamburguesas', '2.00'),
(269, 'Chicken & Cheese', 'Delicioso filete de pollo crujiente con lechuga, salsa BBQ y queso fundido tipo chedar.', 'Hamburguesas', '2.00'),
(270, 'Happy Meal 4 McNuggets de pollo', 'Deliciosos bocaditos de pollo rebozado complementados con fruta, verdura y una bebida,', 'Happy Meal', '3.95'),
(271, 'Happy Meal Chicken Burger Kids', 'Sabrosa hamburguesa de pollo crujiente acompañada con patatas o verduras, postre y bebida.', 'Happy Meal', '3.95'),
(272, 'Happy Meal Hamburguesa de ternera', 'Nuestra hamburguesa de carne con deliciosos happy cherritos, fruta y bebida.', 'Happy Meal', '3.95'),
(273, 'Patatas Fritas', 'Son las estrellas del restaurante\r\nFritas con aceite vegetal, sabrosas y doradas, se sirven con ketchup o mostaza.', 'Complementos', '1.50'),
(274, 'Patatas Deluxe', 'Estos sabrosos gajos de patata especiadas, servidas con piel y acompañadas de una salsa especial a la cebolleta, son una alternativa a las famosas patatas fritas. ', 'Complementos', '2.00'),
(275, 'Chicken McBites x15', 'Chicken McBites\r\nAhora podrás disfrutar de 15 pequeños bocados de crujiente pollo rebozado a un precio increíble. Chicken McBites a pedir de boca.', 'Complementos', '5.40'),
(276, 'Maxi Bucket 25 McNuggets', 'Comparte A LO GRANDE. Disfruta en compañía de nuestras clásicas delicias de pollo rebozado ¡Tan irresistibles como el primer día! ', 'Complementos', '9.75'),
(277, 'Happy Cherritos', 'Disfruta de nuestros sabrosos cherritos como complemento ideal para tu Happy Meal', 'Complementos', '3.98'),
(278, 'Alitas de pollo x5', 'Sabrosas alitas de pollo en McDonald\'s\r\n¿Quien puede resistirse a las deliciosas alitas de pollo crujientes, con su inconfundible sabor barbacoa, para tomar solo o para compartir con quien tú quieras?. ¡No te resistirás!', 'Complementos', '4.20'),
(279, 'Maxi Bucket 10 Alitas +15 McNuggets', 'Si eres de los indecisos, ahora puedes combinar A LO GRANDE nuestras clásicas delicias de pollo y nuestras irresistibles alitas de pollo crijiente. ¡No te resistirás!', 'Complementos', '9.50'),
(280, 'McFlurry KitKat', '¿Se te ocurre alguna forma mejor de desconectar?. Añade Kit Kat a tu McFlurry y disfruta de ese delicioso momento.', 'Postre', '4.20'),
(281, 'McFlurry Oreo', '¿Se te ocurre alguna forma mejor de desconectar?. Añade Oreo a tu McFlurry y disfruta de ese delicioso momento.', 'Postre', '4.20'),
(282, 'Sundae chocolate', '¿Eres un fan de los clásicos?\r\n\r\nRiquísimo helado sabor vainilla combinado con topping de chocolate', 'Postre', '2.50'),
(283, 'Sundae Caramelo', '¿Eres un fan de los clásicos?\r\n\r\nRiquísimo helado sabor vainilla combinado con topping de caramelo.', 'Postre', '2.50'),
(284, 'Sundae Chocolate Blanco', 'Ahora nuestro Sundae se viste de blanco.\r\n\r\nRiquísimo helado sabor vainilla combinado con topping de chocolate blanco.', 'Postre', '2.50'),
(285, 'Ensalada de Wakame ', 'Ensalada de Wakame ', 'Entrantes', '5.95'),
(286, 'Arroz con Tobico ', 'Tobico, huevo y maíz', 'Entrantes', '5.50'),
(287, 'Teppanyaki Arroz ', 'Solomillo, gambas y verdura', 'Entrantes', '5.95'),
(288, 'Teppanyaki Yaki Udon Tallarines Fritos ', 'Con pollo y verduras', 'Entrantes', '6.95'),
(289, 'Teppanyaki Atún ', 'Teppanyaki Atún ', 'Entrantes', '11.95'),
(290, 'Teppanyaki Salmón', 'Teppanyaki Salmón', 'Entrantes', '9.95'),
(291, 'Teppanyaki Pollo ', 'Teppanyaki Pollo ', 'Entrantes', '7.95'),
(292, 'Teppanyaki Solomillo', 'Teppanyaki Solomillo', 'Entrantes', '11.95'),
(293, 'Teppanyaki Gambas ', 'Teppanyaki Gambas ', 'Entrantes', '9.95'),
(294, 'Brocheta de Pollo ', 'Brocheta de Pollo ', 'Entrantes', '4.95'),
(295, 'Brocheta de Gambas ', 'Brocheta de Gambas ', 'Entrantes', '5.95'),
(296, 'Rollitos de Vegetal x4 ', 'Rollitos de Vegetal, 4 Piezas ', 'Entrantes', '4.50'),
(297, 'Pollo al Limón ', 'Pollo al Limón ', 'Entrantes', '6.95'),
(298, 'Tiras de Pollo Caramelizadas', 'Tiras de Pollo Caramelizadas', 'Entrantes', '7.95'),
(299, 'Teppanyaki de Arroz con Pollo', 'Teppanyaki de Arroz con Pollo', 'Entrantes', '7.95'),
(300, 'Teppanyaki Calamar ', 'Teppanyaki Calamar ', 'Entrantes', '10.95'),
(301, 'Arroz Unaki', 'Arroz Unaki ', 'Entrantes', '14.95'),
(302, 'Tempura Mixta de Verdura Variada', 'Tempura Mixta de Verdura Variada', 'Tempura', '6.95'),
(303, 'Tempura Mixta de Marisco y Verdura Varia', 'Tempura Mixta de Marisco y Verdura Variada', 'Tempura', '8.95'),
(304, 'Tempura Ebi. Langostino ', 'Tempura Ebi. Langostino ', 'Tempura', '9.95'),
(305, 'Sushi Atún x2', 'Sushi Atún, 2 Piezas', 'Sushi', '4.50'),
(306, 'Sushi Salmón x2 ', 'Sushi Salmón, 2 Piezas', 'Sushi', '3.95'),
(307, 'Sushi Ebi x2. Langostino ', 'Sushi Ebi, 2 Piezas. Langostino ', 'Sushi', '3.95'),
(308, 'Sushi Unaki x2. Anguila', 'Sushi Unaki, 2 Piezas. Anguila', 'Sushi', '4.50'),
(309, 'Sushi Pez Mantequilla x2. ', 'Sushi Pez Mantequilla,2 Piezas ', 'Sushi', '4.50'),
(310, 'Sushi Pez Espada x2.', 'Sushi Pez Espada, 2 Piezas', 'Sushi', '3.95'),
(311, 'Sushi Tobico x2. Huevo de pez volador', 'Sushi Tobico, 2 Piezas. Huevo de pez volador', 'Sushi', '4.50'),
(312, 'Sushi de Surimi x1', 'Sushi de Surimi una pieza', 'Sushi', '3.95'),
(313, 'Sushi de Tortilla x1', 'Sushi de Tortilla una pieza', 'Sushi', '3.95'),
(314, 'Sushi Tarta Atún Picante x1', 'Sushi Tarta Atún Picante una pieza', 'Sushi', '4.50'),
(315, 'Sushi Tarta Salmón Picante x1', 'Sushi Tarta Salmón Picante una pieza', 'Sushi', '4.50'),
(316, 'Sushi Vieira Picante x1', 'Sushi Vieira Picante una pieza', 'Sushi', '4.95'),
(317, 'Maki de Atún x8.', 'Maki de Atún, 8 Piezas ', 'Maki', '5.95'),
(318, 'Maki de Salmón x8.', 'Maki de Salmón, 8 Piezas', 'Maki', '5.50'),
(319, 'Maki de Aguacat x8.', 'Maki de Aguacate, 8 Piezas', 'Maki', '4.95'),
(320, 'Maki de Pepino x8.', 'Maki de Pepino, 8 Piezas', 'Maki', '4.95'),
(321, 'Maki de Salmón y Aguacate x8.', 'Maki de Salmón y Aguacate, 8 Piezas', 'Maki', '5.95'),
(322, 'Maki de Spicy Salmón picante x8.', 'Maki de Spicy Salmón, 8 Piezas', 'Maki', '5.95'),
(323, 'Maki de Philadelphia x8 ', 'Queso y salmón', 'Maki', '5.95'),
(324, 'Tempura de Maki Atún x8. ', 'Tempura de Maki Atún, 8 Piezas ', 'Maki', '6.50'),
(325, 'Tempura de Maki Salmón x8. ', 'Tempura de Maki Salmón, 8 Piezas ', 'Maki', '5.95'),
(326, 'Futo Maki x8. ', 'Atún, salmón, pez mantequilla, pez espada, aguacate, mayonesa, alga de verde', 'Maki', '9.95'),
(327, 'Maki Variado x12.', '8 Maki y 4 california sésamo', 'Maki', '9.95'),
(328, 'Maki Variado x24', '16 Maki y 8 california sésamo', 'Maki', '17.95'),
(329, 'Maki de Surimi x1', 'Maki de Surimi una pieza', 'Maki', '5.50'),
(330, 'Maki de Pez Mantequilla x1', 'Maki de Pez Mantequilla una pieza', 'Maki', '5.50'),
(331, 'Maki de unaki x1', 'Maki de unaki', 'Maki', '5.95'),
(332, 'Temaki Atún o Salmón x1', 'Temaki Atún o Salmón. 1 Pieza', 'Temaki', '4.50'),
(333, 'Temaki Macerado de Atún o Salmón picante', 'Temaki Macerado de Atún o Salmón picante. 1 Pieza', 'Temaki', '4.50'),
(334, 'Temaki Ebi ', 'Langostino (con picante o sin picante)', 'Temaki', '4.50'),
(335, 'Temaki de Unaki', 'Anguila (con picante o sin picante)', 'Temaki', '5.50'),
(336, 'Sashimi Salmón x9.', 'Sashimi Salmón, 9 Piezas', 'Sashimi', '9.95'),
(337, 'Sashimi Atún x9.', 'Sashimi Atún, 9 Piezas', 'Sashimi', '12.95'),
(338, 'Sashimi Pez Mantequilla x9. ', 'Sashimi Pez Mantequilla, 9 Piezas ', 'Sashimi', '11.95'),
(339, 'Sashimi Salmón y Atún x9.', 'Sashimi Salmón y Atún, 9 Piezas', 'Sashimi', '10.95'),
(340, 'Sashimi Salmón, Atún y Pez Mantequilla x', 'Sashimi Salmón, Atún y Pez Mantequilla, 9 Piezas ', 'Sashimi', '10.45'),
(341, 'California Sésamo x5. ', 'Cangrejo frito, aguacate y mayonesa', 'California Rolls', '5.50'),
(342, 'California Tobico x5. ', 'Cangrejo frito, aguacate, mayonesa y envuelto en tobico', 'California Rolls', '5.50'),
(343, 'California Philadelphia, 5 Piezas ', 'Salmón, aguacate, queso philadelphia y envuelto en sésamo', 'California Rolls', '5.50'),
(344, 'California Unaki, 5 Piezas', 'Anguila, aguacate, queso philadelphia y envuelto en fino de alga', 'California Rolls', '5.50'),
(345, 'California Tempura, 5 Piezas ', 'Cangrejo frito, aguacate y mayonesa', 'California Rolls', '5.50'),
(346, 'California Ebi, 5 Piezas ', 'Tempura de langostino y aguacate', 'California Rolls', '5.50'),
(347, 'Cheese Burger', 'Hamburguesa con carne 100% vacuno, queso americano, tomate, lechuga y salsa TGB', 'Hamburguesas', '5.50'),
(348, 'Slim Vacuno', 'Pan cristal de cerveza. Carne de ternera baja en grasa, Batavia, tomate y salsa ligera ahumada', 'Hamburguesas', '5.90'),
(349, 'Slim Burguer', 'Pan de cristal de cerveza, pechuga de pollo asada, champiñon salteado mezclum de lechugas cebolla roja encurtida y salsa ligera ahumada', 'Hamburguesas', '6.20'),
(350, 'BBQ Burguer', 'Hamburguesa con carne 100% vacuno, bacon, aros de cebolla y salsa BBQ', 'Hamburguesas', '6.50'),
(351, 'Bacon Jam Burguer', 'Hamburguesa con carne 100% vacuno, bacon jam, queso americano, tomate, lechuga y mahonea', 'Hamburguesas', '6.50'),
(352, 'Pulled Pork BBQ', 'Carne deshilachada de cerdo, aros de cebolla y salsa BBQ', 'Hamburguesas', '6.20'),
(353, 'Pollo Crunchy', 'Pechuga de pollo crujiente, queso americano, tomate, lechuga y mahonesa', 'Hamburguesas', '6.10'),
(354, 'Truffle Burguer', 'Pan XL, mantequilla, salsa mayotrufa, lechuga, carne grande, provolone, champiñones, cebolla caramelizada', 'Hamburguesas Especiales', '7.20'),
(355, 'Blue Muntain', 'Exquisito queso gorgonzola, carne de vacuno 40%, bacon, cebolla caramelizada, rucula y mostaza', 'Hamburguesas Especiales', '7.50'),
(356, '50 Shades', 'Hamburguesa con carne de vacuno 40% pulled pork, queso americano, aros de cebolla, bacon y salsa BBQ', 'Hamburguesas Especiales', '7.50'),
(357, 'Veggie Burguer', 'Pan XL, mantequilla, salsa TGB, lechuga, tomate, carne MM XL, queso americano', 'Hamburguesas Especiales', '6.90'),
(358, 'Vegan Burguer', 'Carne MM, lechuga, tomate y guacamole en pan de cristal de cerveza', 'Hamburguesas Especiales', '7.10'),
(359, 'Cheeese Lovers', 'Carne 100% vacuno, queso americano, queso de cabra, queso gorgonzola, cebolla caramelizada, rucula y salsa TGB', 'Hamburguesas Especiales', '7.40'),
(360, 'Pop art', 'Pechuga de pollo crujiente, queso amercicano, lechuga batavia y col morada', 'Hamburguesas Especiales', '6.80'),
(361, 'Jumbo Arizona', 'Salchicha de vacuno, aros de cebolla y salsa BBQ', 'Hot Dogs', '5.20'),
(362, 'Jumbo California', 'Salchicha de vacuno, bacon y salsa de queso cheddar', 'Hot Dogs', '5.50');
INSERT INTO `producto` (`ID_PRODUCTO`, `NOMBRE_PRODUCTO`, `DESCRIPCION_PRODUCTO`, `CATEGORIA_PRODUCTO`, `PRECIO_PRODUCTO`) VALUES
(363, 'Jumbo Clásico', 'Salchicha de vacuno, ketchup y mostaza', 'Hot Dogs', '4.70'),
(364, 'Patatas Bastón ', 'Con sal aderezadas. Con salsa de queso caliente y hierbas con ali oli', 'Complementos', '4.20'),
(365, 'Alitas de pollo', 'Ocho deliciosas alitas de pollo de primera calidad con salsa Bourbon', 'Complementos', '3.90'),
(366, 'Aros de Cebolla', 'Aros de cebolla crujientes y sabrosos', 'Complementos', '3.50'),
(367, 'Epic Chicken', 'Pollo rebozado con salsa de mostaza y miel', 'Complementos', '4.70'),
(368, 'Nachos Tex Mex', 'Queso monterrey jack chili con carne, tomate en dados, jalapeños y crema agria', 'Complementos', '4.50'),
(369, 'Patatas Gajo', 'Aderezadas con sal, salsa de queso caliente y ali oli', 'Complementos', '4.10'),
(370, 'Patatas dulces', 'Deliciosos bocados de batata frita', 'Complementos', '3.70'),
(371, 'Cry Fry', 'Aros de cebolla y patatas baston acompañadas de salsa BBQ', 'Complementos', '4.10'),
(372, 'Bocaditos de queso jalapeño', 'Bolitas rellenas de queso y jalapeños', 'Complementos', '3.90'),
(373, 'Crujientes de pollo', 'Crujientes de pollo y salsa cheddar', 'Complementos', '3.60'),
(374, 'Met Bowl', 'Lechuga primavera, rucula, quinoa, gorgonzola, aros de cebolla, carne TGB', 'Ensaladas', '6.70'),
(375, 'Mexican Bowl', 'Base de lechuga primavera, arroz, aderezo cítrico, pechuga de pollo, maóz, guacamole, cebolla y crema agria.', 'Ensaladas', '6.50'),
(376, 'Indian Bowl', 'Arroz blanco, Mézclum, aderezo cítrico, pechuga de pollo, guisantes, tomaye, patata dulce, crema agria y salsa de curry mango', 'Ensaladas', '6.20'),
(377, 'Epic Bowl', 'Quinoa, mézclum , aderezo cítrico, cebolleta, Epic chicken, guisantes, tomate, maíz y guacamole', 'Ensaladas', '6.90'),
(378, 'Ensalada César', 'Lechuga batavia, Epic Chicken, cebolla crujiente, queso rallado bacon, salsa césar', 'Ensaladas', '6.30'),
(379, 'Ensalada de la huerta', 'Mezclum de lechugas, maíz, zanahoria, tomate cherry, cebolleta, aceitunas, aceite y vinagre', 'Ensaladas', '6.10'),
(380, 'Ensalada TGB', 'Lechuga batavia, zanahoria, maíz, bacon, pollo parrilla, tomate, aros de cebolla y salsa TGB', 'Ensaladas', '6.30'),
(381, 'Tiramisú Pleasure', 'Helado Fior di latte, dot, Tiramisú, virutas de chocolate y cacao', 'Postre', '4.20'),
(382, 'Helado de plátano dot', 'Helado fior di Latte, plátano, chocolate y dots', 'Postre', '4.60'),
(383, 'Waffle delight', 'Helado For di latte, salsa de fresas y gofre', 'Postre', '4.50'),
(384, 'Shake de chocolate', 'Delicioso batido de chocolate con nata', 'Postre', '3.90'),
(385, 'Quadroller Kansas BBQ', 'BOrde relleno de queso de ajo.\r\nNuestra increíble salsa barbacoa de base con topping de mozzarella, delicioso bacon, pollo, carne de vacuno y cerdo macerado', 'Pizzas QuadRoller', '9.20'),
(386, 'Quadroller Piamontesa', 'Borde relleno de queso de ajo.\r\nDescubre la nueva QuadRoller Piamontesa: Masa cuadrada con queso de rulo, cebolla caramelizada, bacon, topping a base de mozarella y salsa carbonara entre bordes rellenos de queso al ajo.', 'Pizzas QuadRoller', '9.10'),
(387, 'Quadroller Tennessee', 'Borde relleno de queso de ajo.\r\nDescubre la QuadRoller Tennessee: Masa cuadrada con tomates frescos al provolone, pulled pork, salsa barbacoa al bourbon y topping a base de mozzarella entre bordes rellenos de queso al ajo.', 'Pizzas QuadRoller', '9.30'),
(388, 'Barbacoa Gourmet', 'Mezcla de 5 quesos.\r\nDeliciosa salsa barbacoa junto a nuestra irresistible mezcla de 5 quesos (gouda, emmental, cheddar, mozarella y havarti).', 'Pizzas Gourmet', '9.10'),
(389, 'Bacon Crispy Gourmet', 'Mezcla de 5 quesos\r\nEl bacon ahumado y el crujiente se unen a nuestra mezcla de 5 quesos (gouda, emmental, cheddar, mozarella y havarti) y al resto de ingredientes.', 'Pizzas Gourmet', '9.30'),
(390, 'Carbonara Gourmet Queso', 'Mezcla de 5 quesos\r\nDeliciosa salsa carbonara acompañada de los mejores ingredientes y nuestra mezcla de 5 quesos (gouda, emmental, cheddar, mozzarela y havarti).', 'Pizzas Gourmet', '8.90'),
(391, 'Tándem Gourmet', 'Salsa barbacoa y carbonara\r\nPor qué elegir entre barbacoa y carbonara? Disfruta la unión de ambas en los dos pisos de la Tándem Gourmet.', 'Pizzas Gourmet', '9.20'),
(392, 'Barbacoa con Cuarto de Libra', 'Salsa barbacoa al bourbon\r\nPara los más carnívoros: cuarto de libra de carne de vacuno (125 gr.), combinada con salsa barbacoa al bourbon y los mejores ingredientes.', 'Pizzas Gourmet', '9.10'),
(393, 'Carnívora Gourmet', 'Mezcla de 5 quesos\r\nLa ideal para los amantes de la carne. Vacuno, pollo marinado, jamón york y pepperoni acompañados de nuestra mezcla de 5 quesos (gouda, emmental, cheddar, mozzarela y havarti).', 'Pizzas Gourmet', '9.40'),
(394, 'Barbacoa Meat & Grill', 'Mezcla de 5 quesos\r\nNuestra deliciosa salsa barbacoa acompañada con la mejor carne de vacuno y pulled pork, una sabrosa carne de cerdo cocinada a baja temperatura.', 'Pizzas Gourmet', '8.80'),
(395, 'Carbonara Gourmet Cebolla', 'Mezcla de 5 quesos\r\nLa inconfundible Carbonara de Telepizza con cebolla, champiñones, doble masa y una deliciosa mezcla de cinco quesos (gouda, emmental, cheddar, mozzarella y havarti).', 'Pizzas Gourmet', '9.30'),
(396, 'La Ibérica de Telepizza', 'Ingredientes mediterráneos\r\nJamón ibérico, tomate natural y aceite de oliva. Incorporamos los mejores ingredientes de la gastronomía española para crear la Telepizza más nuestra.', 'Pizzas Gourmet', '9.70'),
(397, 'Vulcano Nachos', '    Nachos paprika\r\n\r\nUna forma diferente de disfrutar la pizza. Dipea los nachos en la fuente de queso cheddar del centro y termina a lo clásico con tus 2 ingredientes favoritos.', 'Pizzas Gourmet', '9.60'),
(398, 'Barbacoa', 'Masa fresca, bacon, pollo, topping a base de mozzarella, salsa barbacoa y doble de carne de vacuno.', 'Pizzas Clásicas', '9.30'),
(399, 'Carbonara', 'Masa fresca, doble de bacon, champiñón, salsa carbonara, topping a base de mozzarella y extra detopping a base de mozzarella', 'Pizzas Clásicas', '9.10'),
(400, 'Hawaiana', 'Masa fresca, doble de york, piña, topping a base de mozzarella, tomate y extra de topping a base de mozzarella.', 'Pizzas Clásicas', '8.40'),
(401, 'Carbonara Cebolla', 'Masa fresca, doble de bacon, champiñón, salsa carbonara, topping a base de mozzarella y cebolla .', 'Pizzas Clásicas', '9.30'),
(402, 'Bacon Crispy', 'Masa fresca, bacon, bacon crispy (crujiente), topping a base de mozzarella y salsa barbacoa.\r\n', 'Pizzas para carnivoros', '9.10'),
(403, 'Barbacoa Crème Queso', 'Masa fresca, bacon, champiñón, pollo, topping a base de mozzarella, mezcla de salsa barbacoa y carbonara y extra de topping a base de mozzarella.', 'Pizzas para carnivoros', '9.20'),
(404, 'Especial de la casa champiñón', 'Masa fresca, bacon, pimiento morrón, pimiento verde, topping a base de mozzarella, carne de vacuno, tomate y champiñón.', 'Pizzas para carnivoros', '9.30'),
(405, 'Supreme', 'Masa fresca, salsa carbonara, bacon, jamón, champiñón y extra de salsa barbacoa.', 'Pizzas para carnivoros', '9.50'),
(406, 'Especial de la casa cebolla', 'Masa fresca, bacon, cebolla fresca, pimiento morrón, pimiento verde, topping a base de mozzarella, carne de vacuno y tomate.', 'Pizzas para carnivoros', '9.90'),
(407, 'Steak House', 'Base clásica, salsa tomate & orégano, topping a base de mozzarella steak, carne de vacuno, cerdo nueva Orleans, bacon crispy y salsa steak & grill.', 'Pizzas para carnivoros', '9.60'),
(408, 'Bacon Cheeseburger', 'Masa fresca, bacon, mini hamburguesitas, queso cheddar, topping a base de mozzarella, salsa burger y tomate natural.', 'Pizzas para carnivoros', '8.80'),
(409, 'Barbacoa Crème Tomate', 'Masa fresca, bacon, champiñón, pollo, topping a base de mozzarella, mezcla de salsa barbacoa y carbonara y tomate natural.', 'Pizzas para carnivoros', '9.30'),
(410, '', '', 'Para los más queseros', '0.00'),
(411, '4 Quesos', 'Masa fresca, mezcla cuatro quesos y tomate.', 'Para los más queseros', '9.30'),
(412, 'Formaggio', 'Masa fresca, salsa carbonara, queso de rulo, topping a base de mozzarella, queso provolone y queso suizo curado.', 'Para los más queseros', '9.10'),
(413, 'Delicheese', 'Masa fresca, mezcla cinco quesos: Emmenthal, edam, mozzarella, provolone, cheddar, tomate confitado y orégano.', 'Para los más queseros', '9.40'),
(414, 'Combo de Entrantes Nuggets, Patatas gajo', 'Nuggets Pollo, Patatas gajo, Salsa Barbacoa o Salsa Miel.', 'Complementos', '5.30'),
(415, 'Croquetas Caseras', 'Deliciosas croquetas caseras de jamon.', 'Complementos', '3.95'),
(416, 'Patatas Gajo', 'Patatas Gajo', 'Complementos', '2.95'),
(417, 'Aros de Cebolla x6.', '6 crujientes e irresistibles aros de cebolla.', 'Complementos', '2.95'),
(418, 'Patatas Fritas', 'Patatas Fritas', 'Complementos', '2.95'),
(419, 'Pan de ajo x3', 'Pan de ajo 3 unidades', 'Complementos', '1.95'),
(420, 'Fingers de Queso X2 ', 'Fingers de Queso 2 unidades', 'Complementos', '1.95'),
(421, 'Nueva Top Burger Vacuno', 'Pan con semillas de sésamo, carne de vacuno 100%, pepinillo, lechuga, tomate, cebolla y mayonesa+ketchup', 'Hamburguesas', '4.95'),
(422, 'Nueva Top Burger Queso&Bacon', 'Pan con semillas de sésamo, carne de vacuno 100%, lechuga, tomate, cebolla, queso, pepinillo, bacon crispy y mayonesa+kétchup\r\n\r\n', 'Hamburguesas', '5.95'),
(423, 'Nueva Top Burger Pollo', 'No seas gallina y pásate al pollo, acompañado con lechuga y mayonesa. ¡Está deliciosa!', 'Hamburguesas', '4.95'),
(424, 'Burger Vacuno Infantil', '¡Para los más peques de la casa! La hamburguesa más divertida 100% vacuno, loncha de queso y kétchup.', 'Hamburguesas', '3.00'),
(425, 'Burger Pollo Infantil', '¡Para los más peques de la casa! Dejaos atrapar por la hamburguesa más divertida de pollo con mayonesa.', 'Hamburguesas', '3.00'),
(426, 'Ensalada Mediterránea', 'Ensalada fresca gourmet, aceite y vinagre, picatostes y tomate.', 'Ensaladas', '3.95'),
(427, 'Ensalada Mediterránea Pollo', 'Ensalada fresca gourmet, pops de pollo, aceite y vinagre, picatostes y tomate.', 'Ensaladas', '4.95'),
(428, 'Tarrina Magnum Classic.', 'Delicioso helado de vainilla y láminas de chocolate recubierto de una crujiente capa de chocolate.', 'Postre', '6.50'),
(429, 'Tarrina Magnum Almond ', 'Delicioso helado de vainilla, trocitos de almendras y láminas de chocolate con leche recubierto de una crujiente capa de chocolate con leche.', 'Postre', '6.50'),
(430, 'Tarrina Magnum White', 'Delicioso helado de vainilla y láminas de chocolate blanco recubierto de una cruiente capa de chocolate blanco.', 'Postre', '6.50'),
(431, 'arrina Magnum Blanco y Cookie', 'Indulgente helado de nata con deliciosa salsa de cookies láminas de chocolate blanco. Todo recubierto por una crujiente capade chocolate blanco.', 'Postre', '6.50'),
(432, 'Tarrina Magnum Double Chocolat', 'Cremoso helado de chocolate con una indulgente salsa de chocolate y con láminas de chocolate. Todo recubierto por una capa de crujiente chocolate Magnum', 'Postre', '6.50'),
(433, 'Tarrina Magnum Double Salted C', 'Cremoso helado de vainilla con una indulgente salsa de caramelo a la sal y con trozos de chocolate. Todo recubierto por una capa de crujiente chocolate Magnum', 'Postre', '6.50'),
(434, 'Nachos Zacatecas', 'Totopos, queso cheddar, guacamole, pico de gallo y tinga de pollo', 'Entrante', '6.00'),
(435, 'Nachos Mayas', 'Totopos, salsa de frijol, queso gratinado, guacamole y cebolla morada.', 'Entrante', '8.00'),
(436, 'Nachos Malinches', 'Totopos, frijoles. queso grtinado, guacamole y jalapeños', 'Entrante', '8.00'),
(437, 'Quesadilla', 'Tres tortillas de harina, rellenas de queso y con guarnición', 'Entrante', '5.00'),
(438, 'Guacamole', 'Centro de guacamole, totoposy cortezas de cerdo', 'Entrante', '6.50'),
(439, 'Garnachitas', '3 croquetas de pollo. aritos de cebolla, jalapeños y guacamole', 'Entrante', '12.00'),
(440, 'Tostadas', 'Tortilla de maíz frita con base de frijol, lechuga y queso', 'Principal', '5.00'),
(441, 'Sopa Azteca', 'Sopa azteca con tomates mexicanos, aguacate, chicharrones  y pollo', 'Principal', '6.50'),
(442, 'Ensalada Mediterránea', 'Lechuga, maíz, piña, frutos, cebolla y queso de cabra', 'Principal', '8.00'),
(443, 'Tamalitos', 'Masa de maíz envuelta en hoja de plátano, cocida al baño maría.', 'Principal', '5.00'),
(444, 'Alitas de pollo', 'Alitas de pollo maceradas artesanalmente durante 48 horas con nuestro aliño mexicano', 'Principal', '12.00'),
(445, 'Tacos Dorados', 'Cuatro rollitos de torta de maíz crujientes, con pollo desmigado ligeramente', 'Principal', '12.00'),
(446, 'Hamburguesa', 'Mezla ibérica macerada, mostaza, cilantro. Con patatas fritas y ketchup', 'Principal', '9.00'),
(447, 'Burritos', 'Una tortilla de harina rellena de frijoles, arroz y pimientos rojos', 'Principal', '9.00'),
(448, 'Chimichanga', 'Una tortilla de harina de 30 cm frita, pimiento rojo, pimiento verde, cebolla, queso Gouda con guarnición de pico de gallo, guacamole, bañada en nata agria y salsa al Pedro Ximénez', 'Principal', '9.00'),
(449, 'Fajitas', 'Bacon y chorizo salteado, acompañados de seis tortillas, tiras de pimientos verdes y rojos', 'Principal', '17.00'),
(450, 'Pecado Mexicano', 'Pastel de chocolate esponjoso, sobre helado de vainilla', 'Postre', '5.00'),
(451, 'Mouse de queso', 'Esponjosa crema de queso con crujiente galleta de chocolate y salsa de frutos rojos', 'Postre', '5.00'),
(452, 'Cajeta Mexicana', 'Crepe rellena de cajeta mexicana y helado de vainilla', 'Postre', '5.00'),
(453, 'Pastel de Elote', 'Bizcocho de maíz, crema dulce y ligera con helado de fresa', 'Postre', '5.00'),
(454, 'Copas de Helados Variados', 'Helados de chocolate, fresa, vainilla...', 'Postre', '5.00');

-- --------------------------------------------------------

--
-- Estructura de tabla para la tabla `producto_restaurante`
--

CREATE TABLE `producto_restaurante` (
  `ID_PRODUCTO` int(4) NOT NULL,
  `ID_RESTAURANTE` char(4) CHARACTER SET latin1 NOT NULL
) ENGINE=InnoDB DEFAULT CHARSET=utf8mb4;

--
-- Volcado de datos para la tabla `producto_restaurante`
--

INSERT INTO `producto_restaurante` (`ID_PRODUCTO`, `ID_RESTAURANTE`) VALUES
(1, 'DPAL'),
(2, 'DPAL'),
(3, 'DPAL'),
(4, 'DPAL'),
(5, 'DPAL'),
(6, 'DPAL'),
(7, 'DPAL'),
(8, 'DPAL'),
(9, 'DPAL'),
(10, 'DPAL'),
(11, 'DPAL'),
(12, 'DPAL'),
(13, 'DPAL'),
(14, 'DPAL'),
(15, 'DPAL'),
(16, 'DPAL'),
(17, 'DPAL'),
(19, 'DPAL'),
(20, 'DPAL'),
(21, 'DPAL'),
(22, 'DPAL'),
(23, 'DPAL'),
(24, 'DPAL'),
(25, 'DPAL'),
(26, 'DPAL'),
(27, 'DPAL'),
(28, 'DPAL'),
(29, 'DPAL'),
(30, 'DPAL'),
(37, 'DPAL'),
(38, 'DPAL'),
(39, 'DPAL'),
(40, 'DPAL'),
(35, 'DPAL'),
(36, 'DPAL'),
(1, 'DPFU'),
(2, 'DPFU'),
(3, 'DPFU'),
(4, 'DPFU'),
(5, 'DPFU'),
(6, 'DPFU'),
(7, 'DPFU'),
(8, 'DPFU'),
(9, 'DPFU'),
(10, 'DPFU'),
(11, 'DPFU'),
(12, 'DPFU'),
(13, 'DPFU'),
(14, 'DPFU'),
(15, 'DPFU'),
(16, 'DPFU'),
(17, 'DPFU'),
(19, 'DPFU'),
(20, 'DPFU'),
(21, 'DPFU'),
(22, 'DPFU'),
(23, 'DPFU'),
(24, 'DPFU'),
(25, 'DPFU'),
(26, 'DPFU'),
(27, 'DPFU'),
(28, 'DPFU'),
(29, 'DPFU'),
(30, 'DPFU'),
(37, 'DPFU'),
(38, 'DPFU'),
(39, 'DPFU'),
(40, 'DPFU'),
(35, 'DPFU'),
(36, 'DPFU'),
(1, 'DPMA'),
(2, 'DPMA'),
(3, 'DPMA'),
(4, 'DPMA'),
(5, 'DPMA'),
(6, 'DPMA'),
(7, 'DPMA'),
(8, 'DPMA'),
(9, 'DPMA'),
(10, 'DPMA'),
(11, 'DPMA'),
(12, 'DPMA'),
(13, 'DPMA'),
(14, 'DPMA'),
(15, 'DPMA'),
(16, 'DPMA'),
(17, 'DPMA'),
(19, 'DPMA'),
(20, 'DPMA'),
(21, 'DPMA'),
(22, 'DPMA'),
(23, 'DPMA'),
(24, 'DPMA'),
(25, 'DPMA'),
(26, 'DPMA'),
(27, 'DPMA'),
(28, 'DPMA'),
(29, 'DPMA'),
(30, 'DPMA'),
(37, 'DPMA'),
(38, 'DPMA'),
(39, 'DPMA'),
(40, 'DPMA'),
(35, 'DPMA'),
(36, 'DPMA'),
(1, 'DPPI'),
(2, 'DPPI'),
(3, 'DPPI'),
(4, 'DPPI'),
(5, 'DPPI'),
(6, 'DPPI'),
(7, 'DPPI'),
(8, 'DPPI'),
(9, 'DPPI'),
(10, 'DPPI'),
(11, 'DPPI'),
(12, 'DPPI'),
(13, 'DPPI'),
(14, 'DPPI'),
(15, 'DPPI'),
(16, 'DPPI'),
(17, 'DPPI'),
(19, 'DPPI'),
(20, 'DPPI'),
(21, 'DPPI'),
(22, 'DPPI'),
(23, 'DPPI'),
(24, 'DPPI'),
(25, 'DPPI'),
(26, 'DPPI'),
(27, 'DPPI'),
(28, 'DPPI'),
(29, 'DPPI'),
(30, 'DPPI'),
(37, 'DPPI'),
(38, 'DPPI'),
(39, 'DPPI'),
(40, 'DPPI'),
(35, 'DPPI'),
(36, 'DPPI'),
(1, 'DPVA'),
(2, 'DPVA'),
(3, 'DPVA'),
(4, 'DPVA'),
(5, 'DPVA'),
(6, 'DPVA'),
(7, 'DPVA'),
(8, 'DPVA'),
(9, 'DPVA'),
(10, 'DPVA'),
(11, 'DPVA'),
(12, 'DPVA'),
(13, 'DPVA'),
(14, 'DPVA'),
(15, 'DPVA'),
(16, 'DPVA'),
(17, 'DPVA'),
(19, 'DPVA'),
(20, 'DPVA'),
(21, 'DPVA'),
(22, 'DPVA'),
(23, 'DPVA'),
(24, 'DPVA'),
(25, 'DPVA'),
(26, 'DPVA'),
(27, 'DPVA'),
(28, 'DPVA'),
(29, 'DPVA'),
(30, 'DPVA'),
(37, 'DPVA'),
(38, 'DPVA'),
(39, 'DPVA'),
(40, 'DPVA'),
(35, 'DPVA'),
(36, 'DPVA'),
(46, 'FHFU'),
(47, 'FHFU'),
(48, 'FHFU'),
(49, 'FHFU'),
(50, 'FHFU'),
(51, 'FHFU'),
(52, 'FHFU'),
(53, 'FHFU'),
(54, 'FHFU'),
(55, 'FHFU'),
(56, 'FHFU'),
(57, 'FHFU'),
(58, 'FHFU'),
(59, 'FHFU'),
(60, 'FHFU'),
(61, 'FHFU'),
(62, 'FHFU'),
(63, 'FHFU'),
(64, 'FHFU'),
(65, 'FHFU'),
(66, 'FHFU'),
(67, 'FHFU'),
(68, 'FHFU'),
(69, 'FHFU'),
(70, 'FHFU'),
(71, 'FHFU'),
(72, 'FHFU'),
(73, 'FHFU'),
(74, 'FHFU'),
(75, 'FHFU'),
(76, 'FHFU'),
(77, 'FHFU'),
(78, 'FHFU'),
(79, 'FHFU'),
(80, 'FHFU'),
(81, 'FHFU'),
(82, 'FHFU'),
(83, 'FHFU'),
(84, 'FHFU'),
(85, 'FHFU'),
(86, 'FHFU'),
(87, 'FHFU'),
(88, 'FHFU'),
(89, 'FHFU'),
(90, 'FHFU'),
(91, 'FHFU'),
(92, 'FHFU'),
(93, 'FHFU'),
(94, 'FHFU'),
(95, 'FHFU'),
(96, 'FHFU'),
(97, 'FHFU'),
(98, 'FHFU'),
(99, 'FHFU'),
(100, 'FHFU'),
(101, 'FHFU'),
(102, 'FHFU'),
(103, 'FHFU'),
(104, 'FHFU'),
(46, 'FHGE'),
(47, 'FHGE'),
(48, 'FHGE'),
(49, 'FHGE'),
(50, 'FHGE'),
(51, 'FHGE'),
(52, 'FHGE'),
(53, 'FHGE'),
(54, 'FHGE'),
(55, 'FHGE'),
(56, 'FHGE'),
(57, 'FHGE'),
(58, 'FHGE'),
(59, 'FHGE'),
(60, 'FHGE'),
(61, 'FHGE'),
(62, 'FHGE'),
(63, 'FHGE'),
(64, 'FHGE'),
(65, 'FHGE'),
(66, 'FHGE'),
(67, 'FHGE'),
(68, 'FHGE'),
(69, 'FHGE'),
(70, 'FHGE'),
(71, 'FHGE'),
(72, 'FHGE'),
(73, 'FHGE'),
(74, 'FHGE'),
(75, 'FHGE'),
(76, 'FHGE'),
(77, 'FHGE'),
(78, 'FHGE'),
(79, 'FHGE'),
(80, 'FHGE'),
(81, 'FHGE'),
(82, 'FHGE'),
(83, 'FHGE'),
(84, 'FHGE'),
(85, 'FHGE'),
(86, 'FHGE'),
(87, 'FHGE'),
(88, 'FHGE'),
(89, 'FHGE'),
(90, 'FHGE'),
(91, 'FHGE'),
(92, 'FHGE'),
(93, 'FHGE'),
(94, 'FHGE'),
(95, 'FHGE'),
(96, 'FHGE'),
(97, 'FHGE'),
(98, 'FHGE'),
(99, 'FHGE'),
(100, 'FHGE'),
(101, 'FHGE'),
(102, 'FHGE'),
(103, 'FHFU'),
(104, 'FHGE'),
(46, 'FHPI'),
(47, 'FHPI'),
(48, 'FHPI'),
(49, 'FHPI'),
(50, 'FHPI'),
(51, 'FHPI'),
(52, 'FHPI'),
(53, 'FHPI'),
(54, 'FHPI'),
(55, 'FHPI'),
(56, 'FHPI'),
(57, 'FHPI'),
(58, 'FHPI'),
(59, 'FHPI'),
(60, 'FHPI'),
(61, 'FHPI'),
(62, 'FHPI'),
(63, 'FHPI'),
(64, 'FHPI'),
(65, 'FHPI'),
(66, 'FHPI'),
(67, 'FHPI'),
(68, 'FHPI'),
(69, 'FHPI'),
(70, 'FHPI'),
(71, 'FHPI'),
(72, 'FHPI'),
(73, 'FHPI'),
(74, 'FHPI'),
(75, 'FHPI'),
(76, 'FHPI'),
(77, 'FHPI'),
(78, 'FHPI'),
(79, 'FHPI'),
(80, 'FHPI'),
(81, 'FHPI'),
(82, 'FHPI'),
(83, 'FHPI'),
(84, 'FHPI'),
(85, 'FHPI'),
(86, 'FHPI'),
(87, 'FHPI'),
(88, 'FHPI'),
(89, 'FHPI'),
(90, 'FHPI'),
(91, 'FHPI'),
(92, 'FHPI'),
(93, 'FHPI'),
(94, 'FHPI'),
(95, 'FHPI'),
(96, 'FHPI'),
(97, 'FHPI'),
(98, 'FHPI'),
(99, 'FHPI'),
(100, 'FHPI'),
(101, 'FHPI'),
(102, 'FHPI'),
(103, 'FHPI'),
(104, 'FHPI'),
(105, 'SDFA'),
(105, 'SDFM'),
(106, 'SDFA'),
(106, 'SDFM'),
(107, 'SDFA'),
(107, 'SDFM'),
(108, 'SDFA'),
(108, 'SDFM'),
(109, 'SDFM'),
(109, 'SDFM'),
(110, 'SDFA'),
(110, 'SDFM'),
(111, 'SDFA'),
(111, 'SDFM'),
(112, 'SDFA'),
(112, 'SDFM'),
(113, 'SDFA'),
(113, 'SDFM'),
(114, 'SDFA'),
(114, 'SDFM'),
(115, 'SDFA'),
(115, 'SDFM'),
(116, 'SDFA'),
(116, 'SDFM'),
(117, 'SDFA'),
(117, 'SDFM'),
(118, 'SDFA'),
(118, 'SDFM'),
(119, 'SDFA'),
(119, 'SDFM'),
(120, 'SDFA'),
(120, 'SDFM'),
(121, 'SDFA'),
(121, 'SDFM'),
(122, 'SDFA'),
(122, 'SDFM'),
(123, 'SDFA'),
(123, 'SDFM'),
(124, 'SDFA'),
(124, 'SDFM'),
(125, 'SDFA'),
(125, 'SDFM'),
(126, 'SDFA'),
(126, 'SDFM'),
(127, 'SDFA'),
(127, 'SDFM'),
(128, 'SDFA'),
(128, 'SDFM'),
(129, 'SDFA'),
(129, 'SDFM'),
(130, 'SDFA'),
(130, 'SDFM'),
(131, 'SDFA'),
(131, 'SDFM'),
(132, 'SDFA'),
(132, 'SDFM'),
(133, 'SDFA'),
(133, 'SDFM'),
(134, 'SDFA'),
(134, 'SDFM'),
(135, 'SDFA'),
(135, 'SDFM'),
(136, 'SDFA'),
(136, 'SDFM'),
(137, 'SDFA'),
(137, 'SDFM'),
(138, 'SDFA'),
(138, 'SDFM'),
(139, 'SDFM'),
(139, 'SDFM'),
(140, 'SDFA'),
(140, 'SDFM'),
(141, 'SDFA'),
(141, 'SDFA'),
(142, 'SDFA'),
(142, 'SDFM'),
(143, 'SDFA'),
(143, 'SDFM'),
(41, 'DPAL'),
(41, 'DPFU'),
(41, 'DPMA'),
(41, 'DPPI'),
(41, 'DPVA'),
(42, 'DPAL'),
(42, 'DPFU'),
(42, 'DPMA'),
(42, 'DPPI'),
(42, 'DPVA'),
(43, 'DPAL'),
(43, 'DPFU'),
(43, 'DPMA'),
(43, 'DPPI'),
(43, 'DPVA'),
(44, 'DPAL'),
(44, 'DPFU'),
(44, 'DPMA'),
(44, 'DPPI'),
(44, 'DPVA'),
(37, 'FHFU'),
(37, 'FHGE'),
(37, 'FHPI'),
(38, 'FHFU'),
(38, 'FHGE'),
(38, 'FHPI'),
(39, 'FHFU'),
(39, 'FHGE'),
(39, 'FHPI'),
(40, 'FHFU'),
(40, 'FHGE'),
(40, 'FHPI'),
(41, 'FHFU'),
(41, 'FHGE'),
(41, 'FHPI'),
(42, 'FHFU'),
(42, 'FHGE'),
(42, 'FHPI'),
(43, 'FHFU'),
(43, 'FHGE'),
(43, 'FHPI'),
(44, 'FHFU'),
(44, 'FHGE'),
(44, 'FHPI'),
(37, 'SDFA'),
(37, 'SDFM'),
(38, 'SDFA'),
(38, 'SDFM'),
(39, 'SDFA'),
(39, 'SDFM'),
(40, 'SDFA'),
(40, 'SDFM'),
(41, 'SDFA'),
(41, 'SDFM'),
(42, 'SDFA'),
(42, 'SDFM'),
(43, 'SDFA'),
(43, 'SDFM'),
(44, 'SDFA'),
(44, 'SDFM'),
(37, 'VIPG'),
(37, 'VIPM'),
(37, 'VIPV'),
(38, 'VIPG'),
(38, 'VIPM'),
(38, 'VIPV'),
(39, 'VIPG'),
(39, 'VIPM'),
(39, 'VIPV'),
(40, 'VIPG'),
(40, 'VIPM'),
(40, 'VIPV'),
(41, 'VIPG'),
(41, 'VIPM'),
(41, 'VIPV'),
(42, 'VIPG'),
(42, 'VIPM'),
(42, 'VIPV'),
(43, 'VIPG'),
(43, 'VIPM'),
(43, 'VIPV'),
(44, 'VIPG'),
(44, 'VIPM'),
(44, 'VIPV'),
(144, 'VIPG'),
(144, 'VIPM'),
(144, 'VIPV'),
(145, 'VIPG'),
(145, 'VIPM'),
(145, 'VIPV'),
(146, 'VIPG'),
(146, 'VIPM'),
(146, 'VIPV'),
(147, 'VIPG'),
(147, 'VIPM'),
(147, 'VIPV'),
(148, 'VIPG'),
(148, 'VIPM'),
(148, 'VIPV'),
(149, 'VIPG'),
(149, 'VIPM'),
(149, 'VIPV'),
(150, 'VIPG'),
(150, 'VIPM'),
(150, 'VIPV'),
(151, 'VIPG'),
(151, 'VIPM'),
(151, 'VIPV'),
(152, 'VIPG'),
(152, 'VIPM'),
(152, 'VIPV'),
(153, 'VIPG'),
(153, 'VIPM'),
(153, 'VIPV'),
(154, 'VIPG'),
(154, 'VIPM'),
(154, 'VIPV'),
(155, 'VIPG'),
(155, 'VIPM'),
(155, 'VIPV'),
(156, 'VIPG'),
(156, 'VIPM'),
(156, 'VIPV'),
(157, 'VIPG'),
(157, 'VIPM'),
(157, 'VIPV'),
(158, 'VIPG'),
(158, 'VIPM'),
(158, 'VIPV'),
(159, 'VIPG'),
(159, 'VIPM'),
(159, 'VIPV'),
(160, 'VIPG'),
(160, 'VIPM'),
(160, 'VIPV'),
(161, 'VIPG'),
(161, 'VIPM'),
(161, 'VIPV'),
(162, 'VIPG'),
(162, 'VIPM'),
(162, 'VIPV'),
(163, 'VIPG'),
(163, 'VIPM'),
(163, 'VIPV'),
(164, 'VIPG'),
(164, 'VIPM'),
(164, 'VIPV'),
(165, 'VIPG'),
(165, 'VIPM'),
(165, 'VIPV'),
(166, 'VIPG'),
(166, 'VIPM'),
(166, 'VIPV'),
(167, 'VIPG'),
(167, 'VIPM'),
(167, 'VIPV'),
(168, 'VIPG'),
(168, 'VIPM'),
(168, 'VIPV'),
(169, 'VIPG'),
(169, 'VIPM'),
(169, 'VIPV'),
(170, 'VIPG'),
(170, 'VIPM'),
(170, 'VIPV'),
(171, 'VIPG'),
(171, 'VIPM'),
(171, 'VIPV'),
(172, 'VIPG'),
(172, 'VIPM'),
(172, 'VIPV'),
(173, 'VIPG'),
(173, 'VIPM'),
(173, 'VIPV'),
(174, 'VIPG'),
(174, 'VIPM'),
(174, 'VIPV'),
(175, 'VIPG'),
(175, 'VIPM'),
(175, 'VIPV'),
(176, 'VIPG'),
(176, 'VIPM'),
(176, 'VIPV'),
(177, 'VIPG'),
(177, 'VIPM'),
(177, 'VIPV'),
(178, 'VIPG'),
(178, 'VIPM'),
(178, 'VIPV'),
(179, 'VIPG'),
(179, 'VIPM'),
(179, 'VIPV'),
(180, 'VIPG'),
(180, 'VIPM'),
(180, 'VIPV'),
(181, 'VIPG'),
(181, 'VIPM'),
(181, 'VIPV'),
(182, 'VIPG'),
(182, 'VIPM'),
(182, 'VIPV'),
(183, 'VIPG'),
(183, 'VIPM'),
(183, 'VIPV'),
(184, 'VIPG'),
(184, 'VIPM'),
(184, 'VIPV'),
(185, 'VIPG'),
(185, 'VIPM'),
(185, 'VIPV'),
(186, 'VIPG'),
(186, 'VIPM'),
(186, 'VIPV'),
(187, 'VIPG'),
(187, 'VIPM'),
(187, 'VIPV'),
(188, 'VIPG'),
(188, 'VIPM'),
(188, 'VIPV'),
(189, 'VIPG'),
(189, 'VIPM'),
(189, 'VIPV'),
(190, 'VIPG'),
(190, 'VIPM'),
(190, 'VIPV'),
(191, 'VIPG'),
(191, 'VIPM'),
(191, 'VIPV'),
(192, 'VIPG'),
(192, 'VIPM'),
(192, 'VIPV'),
(193, 'VIPG'),
(193, 'VIPM'),
(193, 'VIPV'),
(194, 'VIPG'),
(194, 'VIPM'),
(194, 'VIPV'),
(195, 'VIPG'),
(195, 'VIPM'),
(195, 'VIPV'),
(196, 'JACO'),
(197, 'JACO'),
(198, 'JACO'),
(199, 'JACO'),
(200, 'JACO'),
(201, 'JACO'),
(202, 'JACO'),
(203, 'JACO'),
(204, 'JACO'),
(205, 'JACO'),
(37, 'JACO'),
(38, 'JACO'),
(39, 'JACO'),
(40, 'JACO'),
(41, 'JACO'),
(42, 'JACO'),
(43, 'JACO'),
(44, 'JACO'),
(206, 'JACO'),
(207, 'JACO'),
(208, 'JACO'),
(209, 'JACO'),
(210, 'JACO'),
(211, 'JACO'),
(212, 'JACO'),
(213, 'JACO'),
(214, 'JACO'),
(215, 'JACO'),
(216, 'JACO'),
(217, 'JACO'),
(218, 'JACO'),
(219, 'JACO'),
(220, 'JACO'),
(221, 'JACO'),
(222, 'JACO'),
(223, 'JACO'),
(224, 'JACO'),
(225, 'JACO'),
(226, 'JACO'),
(227, 'JACO'),
(228, 'JACO'),
(229, 'JACO'),
(230, 'JACO'),
(231, 'JACO'),
(232, 'JACO'),
(233, 'JACO'),
(234, 'JACO'),
(235, 'JACO'),
(236, 'JACO'),
(237, 'JACO'),
(238, 'JACO'),
(239, 'JACO'),
(240, 'JACO'),
(241, 'JACO'),
(242, 'JACO'),
(243, 'JACO'),
(244, 'JACO'),
(245, 'JACO'),
(246, 'JACO'),
(247, 'JACO'),
(248, 'JACO'),
(249, 'JACO'),
(250, 'JACO'),
(251, 'JACO'),
(252, 'JACO'),
(253, 'JACO'),
(254, 'JACO'),
(255, 'JACO'),
(256, 'JACO'),
(257, 'JACO'),
(258, 'JACO'),
(259, 'JACO'),
(260, 'MCDG'),
(261, 'MCDG'),
(262, 'MCDG'),
(263, 'MCDG'),
(264, 'MCDG'),
(265, 'MCDG'),
(266, 'MCDG'),
(267, 'MCDG'),
(268, 'MCDG'),
(269, 'MCDG'),
(270, 'MCDG'),
(271, 'MCDG'),
(272, 'MCDG'),
(273, 'MCDG'),
(274, 'MCDG'),
(275, 'MCDG'),
(276, 'MCDG'),
(277, 'MCDG'),
(278, 'MCDG'),
(279, 'MCDG'),
(280, 'MCDG'),
(281, 'MCDG'),
(282, 'MCDG'),
(283, 'MCDG'),
(284, 'MCDG'),
(260, 'MCDM'),
(261, 'MCDM'),
(262, 'MCDM'),
(263, 'MCDM'),
(264, 'MCDM'),
(265, 'MCDM'),
(266, 'MCDM'),
(267, 'MCDM'),
(268, 'MCDM'),
(269, 'MCDM'),
(270, 'MCDM'),
(271, 'MCDM'),
(272, 'MCDM'),
(273, 'MCDM'),
(274, 'MCDM'),
(275, 'MCDM'),
(276, 'MCDM'),
(277, 'MCDM'),
(278, 'MCDM'),
(279, 'MCDM'),
(280, 'MCDM'),
(281, 'MCDM'),
(282, 'MCDM'),
(283, 'MCDM'),
(284, 'MCDM'),
(260, 'MCDP'),
(261, 'MCDP'),
(262, 'MCDP'),
(263, 'MCDP'),
(264, 'MCDP'),
(265, 'MCDP'),
(266, 'MCDP'),
(267, 'MCDP'),
(268, 'MCDP'),
(269, 'MCDP'),
(270, 'MCDP'),
(271, 'MCDP'),
(272, 'MCDP'),
(273, 'MCDP'),
(274, 'MCDP'),
(275, 'MCDP'),
(276, 'MCDP'),
(277, 'MCDP'),
(278, 'MCDP'),
(279, 'MCDP'),
(280, 'MCDP'),
(281, 'MCDP'),
(282, 'MCDP'),
(283, 'MCDP'),
(284, 'MCDP'),
(260, 'MCDV'),
(261, 'MCDV'),
(262, 'MCDV'),
(263, 'MCDV'),
(264, 'MCDV'),
(265, 'MCDV'),
(266, 'MCDV'),
(267, 'MCDV'),
(268, 'MCDV'),
(269, 'MCDV'),
(270, 'MCDV'),
(271, 'MCDV'),
(272, 'MCDV'),
(273, 'MCDV'),
(274, 'MCDV'),
(275, 'MCDV'),
(276, 'MCDV'),
(277, 'MCDV'),
(278, 'MCDV'),
(279, 'MCDV'),
(280, 'MCDV'),
(281, 'MCDV'),
(282, 'MCDV'),
(283, 'MCDV'),
(284, 'MCDV'),
(37, 'MCDG'),
(38, 'MCDG'),
(39, 'MCDG'),
(40, 'MCDG'),
(41, 'MCDG'),
(42, 'MCDG'),
(43, 'MCDG'),
(44, 'MCDG'),
(37, 'MCDM'),
(38, 'MCDM'),
(39, 'MCDM'),
(40, 'MCDM'),
(41, 'MCDM'),
(42, 'MCDM'),
(43, 'MCDM'),
(44, 'MCDM'),
(37, 'MCDP'),
(38, 'MCDP'),
(39, 'MCDP'),
(40, 'MCDP'),
(41, 'MCDP'),
(42, 'MCDP'),
(43, 'MCDP'),
(44, 'MCDP'),
(37, 'MCDV'),
(38, 'MCDV'),
(39, 'MCDV'),
(40, 'MCDV'),
(41, 'MCDV'),
(42, 'MCDV'),
(43, 'MCDV'),
(44, 'MCDV'),
(285, 'OKSU'),
(286, 'OKSU'),
(287, 'OKSU'),
(288, 'OKSU'),
(289, 'OKSU'),
(290, 'OKSU'),
(291, 'OKSU'),
(292, 'OKSU'),
(293, 'OKSU'),
(294, 'OKSU'),
(295, 'OKSU'),
(296, 'OKSU'),
(297, 'OKSU'),
(298, 'OKSU'),
(299, 'OKSU'),
(300, 'OKSU'),
(301, 'OKSU'),
(302, 'OKSU'),
(303, 'OKSU'),
(304, 'OKSU'),
(305, 'OKSU'),
(306, 'OKSU'),
(307, 'OKSU'),
(308, 'OKSU'),
(309, 'OKSU'),
(310, 'OKSU'),
(311, 'OKSU'),
(312, 'OKSU'),
(313, 'OKSU'),
(314, 'OKSU'),
(315, 'OKSU'),
(316, 'OKSU'),
(317, 'OKSU'),
(318, 'OKSU'),
(319, 'OKSU'),
(320, 'OKSU'),
(321, 'OKSU'),
(322, 'OKSU'),
(323, 'OKSU'),
(324, 'OKSU'),
(325, 'OKSU'),
(326, 'OKSU'),
(327, 'OKSU'),
(328, 'OKSU'),
(329, 'OKSU'),
(330, 'OKSU'),
(331, 'OKSU'),
(332, 'OKSU'),
(333, 'OKSU'),
(334, 'OKSU'),
(335, 'OKSU'),
(336, 'OKSU'),
(337, 'OKSU'),
(338, 'OKSU'),
(339, 'OKSU'),
(340, 'OKSU'),
(341, 'OKSU'),
(342, 'OKSU'),
(343, 'OKSU'),
(344, 'OKSU'),
(345, 'OKSU'),
(346, 'OKSU'),
(37, 'OKSU'),
(38, 'OKSU'),
(39, 'OKSU'),
(40, 'OKSU'),
(41, 'OKSU'),
(42, 'OKSU'),
(43, 'OKSU'),
(44, 'OKSU'),
(37, 'TGBA'),
(38, 'TGBA'),
(39, 'TGBA'),
(40, 'TGBA'),
(41, 'TGBA'),
(42, 'TGBA'),
(43, 'TGBA'),
(44, 'TGBA'),
(347, 'TGBA'),
(348, 'TGBA'),
(349, 'TGBA'),
(350, 'TGBA'),
(351, 'TGBA'),
(352, 'TGBA'),
(353, 'TGBA'),
(354, 'TGBA'),
(355, 'TGBA'),
(356, 'TGBA'),
(357, 'TGBA'),
(358, 'TGBA'),
(359, 'TGBA'),
(360, 'TGBA'),
(361, 'TGBA'),
(362, 'TGBA'),
(363, 'TGBA'),
(364, 'TGBA'),
(365, 'TGBA'),
(366, 'TGBA'),
(367, 'TGBA'),
(368, 'TGBA'),
(369, 'TGBA'),
(370, 'TGBA'),
(371, 'TGBA'),
(372, 'TGBA'),
(373, 'TGBA'),
(374, 'TGBA'),
(375, 'TGBA'),
(376, 'TGBA'),
(377, 'TGBA'),
(378, 'TGBA'),
(379, 'TGBA'),
(380, 'TGBA'),
(381, 'TGBA'),
(382, 'TGBA'),
(383, 'TGBA'),
(384, 'TGBA'),
(37, 'TGBF'),
(38, 'TGBF'),
(39, 'TGBF'),
(40, 'TGBF'),
(41, 'TGBF'),
(42, 'TGBF'),
(43, 'TGBF'),
(44, 'TGBF'),
(347, 'TGBF'),
(348, 'TGBF'),
(349, 'TGBF'),
(350, 'TGBF'),
(351, 'TGBF'),
(352, 'TGBF'),
(353, 'TGBF'),
(354, 'TGBF'),
(355, 'TGBF'),
(356, 'TGBF'),
(357, 'TGBF'),
(358, 'TGBF'),
(359, 'TGBF'),
(360, 'TGBF'),
(361, 'TGBF'),
(362, 'TGBF'),
(363, 'TGBF'),
(364, 'TGBF'),
(365, 'TGBF'),
(366, 'TGBF'),
(367, 'TGBF'),
(368, 'TGBF'),
(369, 'TGBF'),
(370, 'TGBF'),
(371, 'TGBF'),
(372, 'TGBF'),
(373, 'TGBF'),
(374, 'TGBF'),
(375, 'TGBF'),
(376, 'TGBF'),
(377, 'TGBF'),
(378, 'TGBF'),
(379, 'TGBF'),
(380, 'TGBF'),
(381, 'TGBF'),
(382, 'TGBF'),
(383, 'TGBF'),
(384, 'TGBF'),
(37, 'TGBG'),
(38, 'TGBG'),
(39, 'TGBG'),
(40, 'TGBG'),
(41, 'TGBG'),
(42, 'TGBG'),
(43, 'TGBG'),
(44, 'TGBG'),
(347, 'TGBG'),
(348, 'TGBG'),
(349, 'TGBG'),
(350, 'TGBG'),
(351, 'TGBG'),
(352, 'TGBG'),
(353, 'TGBG'),
(354, 'TGBG'),
(355, 'TGBG'),
(356, 'TGBG'),
(357, 'TGBG'),
(358, 'TGBG'),
(359, 'TGBG'),
(360, 'TGBG'),
(361, 'TGBG'),
(362, 'TGBG'),
(363, 'TGBG'),
(364, 'TGBG'),
(365, 'TGBG'),
(366, 'TGBG'),
(367, 'TGBG'),
(368, 'TGBG'),
(369, 'TGBG'),
(370, 'TGBG'),
(371, 'TGBG'),
(372, 'TGBG'),
(373, 'TGBG'),
(374, 'TGBG'),
(375, 'TGBG'),
(376, 'TGBG'),
(377, 'TGBG'),
(378, 'TGBG'),
(379, 'TGBG'),
(380, 'TGBG'),
(381, 'TGBG'),
(382, 'TGBG'),
(383, 'TGBG'),
(384, 'TGBG'),
(37, 'TGBL'),
(38, 'TGBL'),
(39, 'TGBL'),
(40, 'TGBL'),
(41, 'TGBL'),
(42, 'TGBL'),
(43, 'TGBL'),
(44, 'TGBL'),
(347, 'TGBL'),
(348, 'TGBL'),
(349, 'TGBL'),
(350, 'TGBL'),
(351, 'TGBL'),
(352, 'TGBL'),
(353, 'TGBL'),
(354, 'TGBL'),
(355, 'TGBL'),
(356, 'TGBL'),
(357, 'TGBL'),
(358, 'TGBL'),
(359, 'TGBL'),
(360, 'TGBL'),
(361, 'TGBL'),
(362, 'TGBL'),
(363, 'TGBL'),
(364, 'TGBL'),
(365, 'TGBL'),
(366, 'TGBL'),
(367, 'TGBL'),
(368, 'TGBL'),
(369, 'TGBL'),
(370, 'TGBL'),
(371, 'TGBL'),
(372, 'TGBL'),
(373, 'TGBL'),
(374, 'TGBL'),
(375, 'TGBL'),
(376, 'TGBL'),
(377, 'TGBL'),
(378, 'TGBL'),
(379, 'TGBL'),
(380, 'TGBL'),
(381, 'TGBL'),
(382, 'TGBL'),
(383, 'TGBL'),
(384, 'TGBL'),
(37, 'TGBM'),
(38, 'TGBM'),
(39, 'TGBM'),
(40, 'TGBM'),
(41, 'TGBM'),
(42, 'TGBM'),
(43, 'TGBM'),
(44, 'TGBM'),
(347, 'TGBM'),
(348, 'TGBM'),
(349, 'TGBM'),
(350, 'TGBM'),
(351, 'TGBM'),
(352, 'TGBM'),
(353, 'TGBM'),
(354, 'TGBM'),
(355, 'TGBM'),
(356, 'TGBM'),
(357, 'TGBM'),
(358, 'TGBM'),
(359, 'TGBM'),
(360, 'TGBM'),
(361, 'TGBM'),
(362, 'TGBM'),
(363, 'TGBM'),
(364, 'TGBM'),
(365, 'TGBM'),
(366, 'TGBM'),
(367, 'TGBM'),
(368, 'TGBM'),
(369, 'TGBM'),
(370, 'TGBM'),
(371, 'TGBM'),
(372, 'TGBM'),
(373, 'TGBM'),
(374, 'TGBM'),
(375, 'TGBM'),
(376, 'TGBM'),
(377, 'TGBM'),
(378, 'TGBM'),
(379, 'TGBM'),
(380, 'TGBM'),
(381, 'TGBM'),
(382, 'TGBM'),
(383, 'TGBM'),
(384, 'TGBM'),
(37, 'TPGE'),
(38, 'TPGE'),
(39, 'TPGE'),
(40, 'TPGE'),
(41, 'TPGE'),
(42, 'TPGE'),
(43, 'TPGE'),
(44, 'TPGE'),
(385, 'TPGE'),
(386, 'TPGE'),
(387, 'TPGE'),
(388, 'TPGE'),
(389, 'TPGE'),
(390, 'TPGE'),
(391, 'TPGE'),
(392, 'TPGE'),
(393, 'TPGE'),
(394, 'TPGE'),
(395, 'TPGE'),
(396, 'TPGE'),
(397, 'TPGE'),
(398, 'TPGE'),
(399, 'TPGE'),
(400, 'TPGE'),
(401, 'TPGE'),
(402, 'TPGE'),
(403, 'TPGE'),
(404, 'TPGE'),
(405, 'TPGE'),
(406, 'TPGE'),
(407, 'TPGE'),
(408, 'TPGE'),
(409, 'TPGE'),
(410, 'TPGE'),
(411, 'TPGE'),
(412, 'TPGE'),
(413, 'TPGE'),
(414, 'TPGE'),
(415, 'TPGE'),
(416, 'TPGE'),
(417, 'TPGE'),
(418, 'TPGE'),
(419, 'TPGE'),
(420, 'TPGE'),
(421, 'TPGE'),
(422, 'TPGE'),
(423, 'TPGE'),
(424, 'TPGE'),
(425, 'TPGE'),
(426, 'TPGE'),
(427, 'TPGE'),
(428, 'TPGE'),
(429, 'TPGE'),
(430, 'TPGE'),
(431, 'TPGE'),
(432, 'TPGE'),
(433, 'TPGE'),
(385, 'TPLE'),
(386, 'TPLE'),
(387, 'TPLE'),
(388, 'TPLE'),
(389, 'TPLE'),
(390, 'TPLE'),
(391, 'TPLE'),
(392, 'TPLE'),
(393, 'TPLE'),
(394, 'TPLE'),
(395, 'TPLE'),
(396, 'TPLE'),
(397, 'TPLE'),
(398, 'TPLE'),
(399, 'TPLE'),
(400, 'TPLE'),
(401, 'TPLE'),
(402, 'TPLE'),
(403, 'TPLE'),
(404, 'TPLE'),
(405, 'TPLE'),
(406, 'TPLE'),
(407, 'TPLE'),
(408, 'TPLE'),
(409, 'TPLE'),
(410, 'TPLE'),
(411, 'TPLE'),
(412, 'TPLE'),
(413, 'TPLE'),
(414, 'TPLE'),
(415, 'TPLE'),
(416, 'TPLE'),
(417, 'TPLE'),
(418, 'TPLE'),
(419, 'TPLE'),
(420, 'TPLE'),
(421, 'TPLE'),
(422, 'TPLE'),
(423, 'TPLE'),
(424, 'TPLE'),
(425, 'TPLE'),
(426, 'TPLE'),
(427, 'TPLE'),
(428, 'TPLE'),
(429, 'TPLE'),
(430, 'TPLE'),
(431, 'TPLE'),
(432, 'TPLE'),
(433, 'TPLE'),
(385, 'TPPI'),
(386, 'TPPI'),
(387, 'TPPI'),
(388, 'TPPI'),
(389, 'TPPI'),
(390, 'TPPI'),
(391, 'TPPI'),
(392, 'TPPI'),
(393, 'TPPI'),
(394, 'TPPI'),
(395, 'TPPI'),
(396, 'TPPI'),
(397, 'TPPI'),
(398, 'TPPI'),
(399, 'TPPI'),
(400, 'TPPI'),
(401, 'TPPI'),
(402, 'TPPI'),
(403, 'TPPI'),
(404, 'TPPI'),
(405, 'TPPI'),
(406, 'TPPI'),
(407, 'TPPI'),
(408, 'TPPI'),
(409, 'TPPI'),
(410, 'TPPI'),
(411, 'TPPI'),
(412, 'TPPI'),
(413, 'TPPI'),
(414, 'TPPI'),
(415, 'TPPI'),
(416, 'TPPI'),
(417, 'TPPI'),
(418, 'TPPI'),
(419, 'TPPI'),
(420, 'TPPI'),
(421, 'TPPI'),
(422, 'TPPI'),
(423, 'TPPI'),
(424, 'TPPI'),
(425, 'TPPI'),
(426, 'TPPI'),
(427, 'TPPI'),
(428, 'TPPI'),
(429, 'TPPI'),
(430, 'TPPI'),
(431, 'TPPI'),
(432, 'TPPI'),
(433, 'TPPI'),
(385, 'TPVA'),
(386, 'TPVA'),
(387, 'TPVA'),
(388, 'TPVA'),
(389, 'TPVA'),
(390, 'TPVA'),
(391, 'TPVA'),
(392, 'TPVA'),
(393, 'TPVA'),
(394, 'TPVA'),
(395, 'TPVA'),
(396, 'TPVA'),
(397, 'TPVA'),
(398, 'TPVA'),
(399, 'TPVA'),
(400, 'TPVA'),
(401, 'TPVA'),
(402, 'TPVA'),
(403, 'TPVA'),
(404, 'TPVA'),
(405, 'TPVA'),
(406, 'TPVA'),
(407, 'TPVA'),
(408, 'TPVA'),
(409, 'TPVA'),
(410, 'TPVA'),
(411, 'TPVA'),
(412, 'TPVA'),
(413, 'TPVA'),
(414, 'TPVA'),
(415, 'TPVA'),
(416, 'TPVA'),
(417, 'TPVA'),
(418, 'TPVA'),
(419, 'TPVA'),
(420, 'TPVA'),
(421, 'TPVA'),
(422, 'TPVA'),
(423, 'TPVA'),
(424, 'TPVA'),
(425, 'TPVA'),
(426, 'TPVA'),
(427, 'TPVA'),
(428, 'TPVA'),
(429, 'TPVA'),
(430, 'TPVA'),
(431, 'TPVA'),
(432, 'TPVA'),
(433, 'TPVA'),
(37, 'VMGE'),
(38, 'VMGE'),
(39, 'VMGE'),
(40, 'VMGE'),
(41, 'VMGE'),
(42, 'VMGE'),
(43, 'VMGE'),
(44, 'VMGE'),
(434, 'VMGE'),
(435, 'VMGE'),
(436, 'VMGE'),
(437, 'VMGE'),
(438, 'VMGE'),
(439, 'VMGE'),
(440, 'VMGE'),
(441, 'VMGE'),
(442, 'VMGE'),
(443, 'VMGE'),
(444, 'VMGE'),
(445, 'VMGE'),
(446, 'VMGE'),
(447, 'VMGE'),
(448, 'VMGE'),
(449, 'VMGE'),
(450, 'VMGE'),
(451, 'VMGE'),
(452, 'VMGE'),
(453, 'VMGE'),
(454, 'VMGE');


-- --------------------------------------------------------

--
-- Estructura de tabla para la tabla `restaurante`
--

CREATE TABLE `restaurante` (
  `ID_RESTAURANTE` char(4) NOT NULL,
  `NOMBRE_RESTAURANTE` varchar(40) NOT NULL,
  `TELEFONO_RESTAURANTE` char(11) NOT NULL,
  `DIRECCION_RESTAURANTE` varchar(120) NOT NULL,
  `LOCALIDAD_RESTAURANTE` varchar(30) NOT NULL,
  `EMAIL_RESTAURANTE` varchar(40) NOT NULL,
  `ESPECIALIDAD_RESTAURANTE` varchar(40) NOT NULL,
  `DESTACADO_RESTAURANTE` int(11) NOT NULL COMMENT '0 -> NO D 1 -> DESTA'
) ENGINE=InnoDB DEFAULT CHARSET=latin1;

--
-- Volcado de datos para la tabla `restaurante`
--

INSERT INTO `restaurante` (`ID_RESTAURANTE`, `NOMBRE_RESTAURANTE`, `TELEFONO_RESTAURANTE`, `DIRECCION_RESTAURANTE`, `LOCALIDAD_RESTAURANTE`, `EMAIL_RESTAURANTE`, `ESPECIALIDAD_RESTAURANTE`, `DESTACADO_RESTAURANTE`) VALUES
('DPAL', 'Domino\'s Pizza', '910900973', 'Calle Pablo Picasso, 40, 28922 Alcorcón, Madrid', 'Alcorcón', 'DominosPizzaAlcorcon@gmail.com', 'Pizzeria', 1),
('DPFU', 'Domino\'s Pizza', '916085663', 'Av. de Europa, 14, 28943 Fuenlabrada, Madrid', 'Fuenlabrada', 'DominosPizzaFuenlabrada@gmai.com', 'Pizzeria', 1),
('DPMA', 'Domino\'s Pizza', '916840212', 'Calle Arboleda, 24, 28901 Madrid', 'Madrid', 'DominosPizzaMadrid@gmail.com', 'Pizzeria', 1),
('DPPI', 'Domino\'s Pizza', '910901532', 'Av. de Antonio López, 4, 28320 Pinto, Madrid', 'Pinto', 'DominosPizzaPinto@gmail.com', 'Pizzeria', 1),
('DPVA', 'Domino\'s Pizza', '910906177', 'Av. de España, 6, 28342 Valdemoro, Madrid', 'Valdemoro', 'DominosPizzaValdemoro@gmail.com', 'Pizzeria', 1),
('FHFU', 'Foster\'s Hollywood', '916075582', 'C.C. La Estación, Calle de Hungría, s / n, 28943 Fuenlabrada, Madrid', 'Fuenlabrada', 'FosterHFuenlabrada@gmail.com', 'Comida Internacional', 0),
('FHGE', 'Foster\'s Hollywood', '916213189', 'Nassica Centro Comercial y de Ocio Ctra. de Andalucía, Salida 17, 28906 Getafe, Madrid', 'Getafe', 'FosterHGetafe@gmail.com', 'Comida Internacional', 0),
('FHPI', 'Foster\'s Hollywood', '916927967', 'Calle Pablo Picasso, 10, 28320 Pinto, Madrid', 'Pinto', 'FosterHPinto@gmail.com', 'Comida Internacional', 0),
('JACO', 'Jade Colonial', '916842062', 'Calle de la Magdalena, 33, 28906 Getafe, Madrid', 'Getafe', 'Jadecolonialgetafe@gmail.com', 'Comida Japonesa', 0),
('MCDG', 'McDonald\'s', '916213143', 'Avda. Rio Guadalquivir, 18 Centro Comercial Nassica, 28906 Getafe, Madrid', 'Getafe', 'McDonalsGetafe@gmil.com', 'Hamburguesería', 0),
('MCDM', 'McDonald\'s', '915313711', 'Calle de la Montera, 47, 28013 Madrid', 'Madrid', 'McDonalsMadrid@gmil.com', 'Hamburguesería', 0),
('MCDP', 'McDonald\'s', '912 91 08 6', 'Ctra. de Andalucía N-IV, Km.20,2 - 28320, 28320 Pinto, Madrid', 'Pinto', 'McDonalsPinto@gmil.com', 'Hamburguesería', 0),
('MCDV', 'McDonald\'s', '916991992', 'Avda. de España, 4 esquina Emilia Pardo Bazan, 28342 Valdemoro, Madrid', 'Valdemoro', 'McDonalsValdemoro@gmil.com', 'Hamburguesería', 0),
('OKSU', 'Ok Sushi', '910181920', 'Calle Arboleda, 14, 28901 Getafe, Madrid', 'Getafe', 'Oksushigetafe@gmail.com', 'Comida Japonesa', 0),
('SDFA', 'Sublime dreams food', '914861073', 'Calle Oslo, 53, 28922 Alcorcón, Madrid', 'Alcorcón', 'Subliemdfalcorcon@gmail.com', 'Hamburguesería', 0),
('SDFM', 'Sublime dreams food', '910224197', 'Calle de Concepción Jerónima, 28, 28012 Madrid', 'Madrid', 'sublimedfmadrid@gmail.com', 'Hamburguesería', 0),
('TGBA', 'The Good Burger', '916428312', 'Av. de América, 7, 9, 28922 Alcorcón, Madrid', 'Alcorcón', 'Thegoodburgeralcorcon@gmail.com', 'Hamburguesería', 0),
('TGBF', 'The Good Burger', '915672170', 'Centro Comercial Plaza Loranca, Av. de Pablo Iglesias, 17, 2', 'Fuenlabrada', 'Thegoodburgerfuenlabrada@gmailcom', 'Hamburguesería', 1),
('TGBG', 'The Good Burger', '912548209', 'Av. Río Guadalquivir, 13, 28906 Getafe, Madrid', 'Getafe', 'Thegoodburgergetafe@gmailcom', 'Hamburguesería', 1),
('TGBL', 'The Good Burger', '916850891', 'C.C. Parquesur, Av. de Gran Bretaña, S / N, 28916 Leganés, Madrid', 'Leganés', 'Thegoodburgerleganes@gmail.com', 'Hamburguesería', 1),
('TGBM', 'The Good Burger', '912081896', 'Calle de Maqueda, 138, 28024 Madrid', 'Madrid', 'Thegoodburgermadrid@gmail.com', 'Hamburguesería', 1),
('TPGE', 'Telepizza', '916017121', 'Centro Comercial Getafe 3, Av. Juan Carlos I, 3, 28905 Getafe, Madrid', 'Getafe', 'TelepizzaGetafe@gmail.com', 'Pizzeria', 0),
('TPLE', 'Telepizza', '916942011', 'Avenida del Doctor Martín Vegue Jaudenes, 28, 28912 Leganés, Madrid', 'Leganés', 'TelepizzaLeganes@gmail.com', 'Pizzeria', 0),
('TPPI', 'Telepizza', '916926553', 'Plaza de las Mercedes, 4, 28320 Pinto, Madrid', 'Pinto', 'TelepizzaPinto@gmail.com', 'Pizzeria', 0),
('TPVA', 'Telepizza', '918081001', 'Calle Estrella de Elola, 11, 28340 Valdemoro, Madrid', 'Valdemoro', 'TelepizzaValdemoro@gmail.com', 'Pizzeria', 0),
('VIPG', 'VIPS', '912156209', 'Av. Río Guadalquivir, 13, 28906 Getafe, Madrid', 'Getafe', 'Vipsgetafe@gmail.com', 'Comida Internacional', 0),
('VIPM', 'VIPS', '917283201', 'Calle de la Ribera de Curtidores, 43, 28005 Madrid', 'Madrid', 'Vipsmadrid@gmail.com', 'Comida Internacional', 0),
('VIPV', 'VIPS', '916724189', 'Av. de España, 10, 12, 28340 Valdemoro, Madrid', 'Valdemoro', 'Vipsvaldemoro@gmail.com', 'Comida Internacional', 0),
('VMGE', 'Venganza Malinche', '914495515', 'Calle Ricardo de la Vega, 1, 28903 Getafe, Madrid', 'Getafe', 'Venganzamalgetafe@gmail.com', 'Comida Mexicana', 0);

--
-- Índices para tablas volcadas
--

--
-- Indices de la tabla `cliente`
--
ALTER TABLE `cliente`
  ADD PRIMARY KEY (`ID_CLIENTE`),
  ADD UNIQUE KEY `EMAIL_CLIENTE` (`EMAIL_CLIENTE`);

--
-- Indices de la tabla `linea`
--
ALTER TABLE `linea`
  ADD PRIMARY KEY (`ID_PEDIDO`,`ID_PRODUCTO`),
  ADD KEY `ID_PRODUCTO` (`ID_PRODUCTO`) USING BTREE;

--
-- Indices de la tabla `pedido`
--
ALTER TABLE `pedido`
  ADD PRIMARY KEY (`NUMERO_PEDIDO`),
  ADD KEY `ID_CLIENTE` (`ID_CLIENTE`),
  ADD KEY `ID_RESTAURANTE` (`ID_RESTAURANTE`);

--
-- Indices de la tabla `producto`
--
ALTER TABLE `producto`
  ADD PRIMARY KEY (`ID_PRODUCTO`);

--
-- Indices de la tabla `producto_restaurante`
--
ALTER TABLE `producto_restaurante`
  ADD KEY `ID_PRODUCTO` (`ID_PRODUCTO`),
  ADD KEY `ID_RESTAURANTE` (`ID_RESTAURANTE`);

--
-- Indices de la tabla `restaurante`
--
ALTER TABLE `restaurante`
  ADD PRIMARY KEY (`ID_RESTAURANTE`);

--
-- AUTO_INCREMENT de las tablas volcadas
--

--
-- AUTO_INCREMENT de la tabla `cliente`
--
ALTER TABLE `cliente`
  MODIFY `ID_CLIENTE` int(11) NOT NULL AUTO_INCREMENT, AUTO_INCREMENT=12;

--
-- AUTO_INCREMENT de la tabla `pedido`
--
ALTER TABLE `pedido`
  MODIFY `NUMERO_PEDIDO` int(11) NOT NULL AUTO_INCREMENT, AUTO_INCREMENT=85;

--
-- AUTO_INCREMENT de la tabla `producto`
--
ALTER TABLE `producto`
  MODIFY `ID_PRODUCTO` int(11) NOT NULL AUTO_INCREMENT, AUTO_INCREMENT=435;

--
-- Restricciones para tablas volcadas
--

--
-- Filtros para la tabla `pedido`
--
ALTER TABLE `pedido`
  ADD CONSTRAINT `pedido_ibfk_1` FOREIGN KEY (`ID_CLIENTE`) REFERENCES `cliente` (`ID_CLIENTE`) ON DELETE CASCADE ON UPDATE CASCADE,
  ADD CONSTRAINT `pedido_ibfk_2` FOREIGN KEY (`ID_RESTAURANTE`) REFERENCES `restaurante` (`ID_RESTAURANTE`) ON DELETE CASCADE ON UPDATE CASCADE;

--
-- Filtros para la tabla `producto_restaurante`
--
ALTER TABLE `producto_restaurante`
  ADD CONSTRAINT `producto_restaurante_ibfk_1` FOREIGN KEY (`ID_PRODUCTO`) REFERENCES `producto` (`ID_PRODUCTO`) ON DELETE CASCADE ON UPDATE CASCADE,
  ADD CONSTRAINT `producto_restaurante_ibfk_2` FOREIGN KEY (`ID_RESTAURANTE`) REFERENCES `restaurante` (`ID_RESTAURANTE`) ON DELETE CASCADE ON UPDATE CASCADE;
COMMIT;

/*!40101 SET CHARACTER_SET_CLIENT=@OLD_CHARACTER_SET_CLIENT */;
/*!40101 SET CHARACTER_SET_RESULTS=@OLD_CHARACTER_SET_RESULTS */;
/*!40101 SET COLLATION_CONNECTION=@OLD_COLLATION_CONNECTION */;
